-- phpMyAdmin SQL Dump
-- version 5.1.1
-- https://www.phpmyadmin.net/
--
-- Host: 127.0.0.1
-- Generation Time: Jul 25, 2022 at 02:12 PM
-- Server version: 10.4.21-MariaDB
-- PHP Version: 8.0.10

SET SQL_MODE = "NO_AUTO_VALUE_ON_ZERO";
START TRANSACTION;
SET time_zone = "+00:00";


/*!40101 SET @OLD_CHARACTER_SET_CLIENT=@@CHARACTER_SET_CLIENT */;
/*!40101 SET @OLD_CHARACTER_SET_RESULTS=@@CHARACTER_SET_RESULTS */;
/*!40101 SET @OLD_COLLATION_CONNECTION=@@COLLATION_CONNECTION */;
/*!40101 SET NAMES utf8mb4 */;

--
-- Database: `result_analysis`
--

-- --------------------------------------------------------

--
-- Table structure for table `2017_2021_1_sem`
--

CREATE TABLE `2017_2021_1_sem` (
  `URN` bigint(12) DEFAULT NULL,
  `NAME` varchar(50) DEFAULT NULL,
  `SPI` varchar(5) DEFAULT NULL,
  `CPI` decimal(5,4) DEFAULT NULL,
  `300111_46` varchar(3) DEFAULT NULL,
  `SUB_1_Atmp` int(2) DEFAULT NULL,
  `300112_11` varchar(3) DEFAULT NULL,
  `SUB_2_Atmp` int(2) DEFAULT NULL,
  `300114_14` varchar(3) DEFAULT NULL,
  `SUB_3_Atmp` int(2) DEFAULT NULL,
  `300118_24` varchar(3) DEFAULT NULL,
  `SUB_4_Atmp` int(2) DEFAULT NULL,
  `300211_37` varchar(3) DEFAULT NULL,
  `SUB_5_Atmp` int(2) DEFAULT NULL,
  `TOTAL` int(3) DEFAULT NULL,
  `BACK_APP_COUNT` int(2) DEFAULT NULL,
  `STATUS` varchar(4) DEFAULT NULL,
  `date` varchar(10) DEFAULT NULL,
  `r_date` varchar(11) DEFAULT NULL
) ENGINE=InnoDB DEFAULT CHARSET=latin1;

--
-- Dumping data for table `2017_2021_1_sem`
--

INSERT INTO `2017_2021_1_sem` (`URN`, `NAME`, `SPI`, `CPI`, `300111_46`, `SUB_1_Atmp`, `300112_11`, `SUB_2_Atmp`, `300114_14`, `SUB_3_Atmp`, `300118_24`, `SUB_4_Atmp`, `300211_37`, `SUB_5_Atmp`, `TOTAL`, `BACK_APP_COUNT`, `STATUS`, `date`, `r_date`) VALUES
(300103317001, 'AARTI SAHU', '0', '0.0000', '28', 0, '41', 0, '30', 0, '49', 0, '30', 0, 548, 0, 'PASS', 'date', 'result date'),
(300103317002, 'ABHISHEK BAGARTI', '0', '0.0000', '46', 0, '45', 0, '37', 0, '61', 0, '63', 0, 638, 0, 'PASS', '', ''),
(300103317003, 'AISHWARYA NAIK', '0', '0.0000', '62', 0, '66', 0, '51', 0, '54', 0, '51', 0, 673, 0, 'PASS', '', ''),
(300103317004, 'AKASH KUMAR MISHRA', '0', '0.0000', '35', 0, '57', 0, '71', 0, '33', 0, '65', 0, 633, 0, 'PASS', '', ''),
(300103317005, 'AKHILESH KUMAR SONWANI', '0', '0.0000', '28', 0, '41', 0, '25', 0, '3', 0, '37', 0, 466, 0, 'FAIL', '', ''),
(300103317006, 'AKRITI NIGAM', '0', '0.0000', '60', 0, '32', 0, '17', 0, '29', 0, '31', 0, 524, 0, 'FAIL', '', ''),
(300103317007, 'AMIT KUMAR', '0', '0.0000', '29', 0, '23', 0, '16', 0, '21', 0, '28', 0, 463, 0, 'FAIL', '', ''),
(300103317008, 'ANJALI SAGAR JANGDE', '0', '0.0000', '47', 0, '47', 0, '45', 0, '6', 0, '43', 0, 560, 0, 'FAIL', '', ''),
(300103317009, 'ANKITA GUPTA', '0', '0.0000', '48', 0, '49', 0, '50', 0, '45', 0, '45', 0, 626, 0, 'PASS', '', ''),
(300103317010, 'ANURAG SHARMA', '0', '0.0000', '42', 0, '50', 0, '70', 0, '51', 0, '43', 0, 634, 0, 'PASS', '', ''),
(300103317011, 'ASHUTOSH AGRAWAL', '0', '0.0000', '46', 0, '59', 0, '67', 0, '45', 0, '40', 0, 624, 0, 'PASS', '', ''),
(300103317012, 'ATINDER PAL SINGH', '0', '0.0000', '47', 0, '30', 0, '34', 0, '34', 0, '47', 0, 564, 0, 'PASS', '', ''),
(300103317013, 'AYUSHI GUPTA', '0', '0.0000', '49', 0, '56', 0, '53', 0, '55', 0, '56', 0, 613, 0, 'PASS', '', ''),
(300103317014, 'AZMAL MALIK', '0', '0.0000', '28', 0, '17', 0, '25', 0, '29', 0, '12', 0, 435, 0, 'FAIL', '', ''),
(300103317015, 'BABLU KUMAR', '0', '0.0000', '44', 0, '42', 0, '41', 0, '27', 0, '37', 0, 540, 0, 'FAIL', '', ''),
(300103317016, 'DEEXA MESHRAM', '0', '0.0000', '28', 0, '20', 0, '6', 0, '28', 0, '10', 0, 418, 0, 'FAIL', '', ''),
(300103317017, 'GAJENDRA RAMTEKE', '0', '0.0000', '13', 0, '23', 0, '12', 0, '10', 0, '13', 0, 370, 0, 'FAIL', '', ''),
(300103317018, 'GARGI SAHU', '0', '0.0000', '55', 0, '41', 0, '66', 0, '51', 0, '53', 0, 636, 0, 'PASS', '', ''),
(300103317019, 'GARIMA JOSHI', '0', '0.0000', '45', 0, '28', 0, '28', 0, '35', 0, '46', 0, 540, 0, 'PASS', '', ''),
(300103317020, 'GUNJAN KUMAR', '0', '0.0000', '16', 0, '41', 0, '17', 0, '46', 0, '29', 0, 477, 0, 'FAIL', '', ''),
(300103317021, 'HARSH SONWANI', '0', '0.0000', '43', 0, '46', 0, '46', 0, '64', 0, '28', 0, 612, 0, 'PASS', '', ''),
(300103317022, 'ISHANT RAJ KASHYAP', '0', '0.0000', '28', 0, '28', 0, '35', 0, '23', 0, '15', 0, 471, 0, 'FAIL', '', ''),
(300103317023, 'KALPANA BANJARE', '0', '0.0000', '13', 0, '15', 0, '18', 0, '18', 0, '40', 0, 447, 0, 'FAIL', '', ''),
(300103317024, 'KRISHNA KANT', '0', '0.0000', '33', 0, '39', 0, '47', 0, '28', 0, '15', 0, 528, 0, 'FAIL', '', ''),
(300103317025, 'KRITI A. AJWANI', '0', '0.0000', '54', 0, '36', 0, '37', 0, '57', 0, '44', 0, 604, 0, 'PASS', '', ''),
(300103317026, 'KUNICA GUPTA', '0', '0.0000', '46', 0, '64', 0, '67', 0, '73', 0, '45', 0, 683, 0, 'PASS', '', ''),
(300103317027, 'MAHENDRA PATEL', '0', '0.0000', '35', 0, '29', 0, '32', 0, '21', 0, '36', 0, 510, 0, 'FAIL', '', ''),
(300103317028, 'MANISH LAUTRE', '0', '0.0000', '44', 0, '29', 0, '20', 0, '32', 0, '16', 0, 478, 0, 'FAIL', '', ''),
(300103317029, 'MANSI MUNDHRA', '0', '0.0000', '43', 0, '50', 0, '50', 0, '46', 0, '40', 0, 590, 0, 'PASS', '', ''),
(300103317030, 'MAYANK TANDAN', '0', '0.0000', '37', 0, '42', 0, '36', 0, '52', 0, '23', 0, 531, 0, 'FAIL', '', ''),
(300103317031, 'MILI PANDEY', '0', '0.0000', '51', 0, '56', 0, '62', 0, '50', 0, '51', 0, 642, 0, 'PASS', '', ''),
(300103317032, 'MUSKAN VERMA', '0', '0.0000', '56', 0, '38', 0, '54', 0, '50', 0, '60', 0, 626, 0, 'PASS', '', ''),
(300103317033, 'NAILA NAUSIN', '0', '0.0000', '55', 0, '43', 0, '23', 0, '41', 0, '22', 0, 546, 0, 'FAIL', '', ''),
(300103317034, 'NAYAN RAUT', '0', '0.0000', '34', 0, '30', 0, '30', 0, '40', 0, '29', 0, 523, 0, 'PASS', '', ''),
(300103317035, 'NETRITHV JHADI', '0', '0.0000', '20', 0, '19', 0, '0', 0, '6', 0, '6', 0, 343, 0, 'FAIL', '', ''),
(300103317036, 'NIHAL KUMAR', '0', '0.0000', '38', 0, '43', 0, '50', 0, '61', 0, '46', 0, 619, 0, 'PASS', '', ''),
(300103317037, 'O LALITA', '0', '0.0000', '55', 0, '61', 0, '69', 0, '62', 0, '56', 0, 694, 0, 'PASS', '', ''),
(300103317038, 'OMPRAKASH NAYAK', '0', '0.0000', '42', 0, '58', 0, '69', 0, '71', 0, '58', 0, 687, 0, 'PASS', '', ''),
(300103317039, 'PANKAJ MANIKPURI', '0', '0.0000', '35', 0, '44', 0, '47', 0, '36', 0, '55', 0, 599, 0, 'PASS', '', ''),
(300103317040, 'POOJA SINGH', '0', '0.0000', '46', 0, '49', 0, '68', 0, '62', 0, '44', 0, 635, 0, 'PASS', '', ''),
(300103317041, 'POOJA VERMA', '0', '0.0000', '46', 0, '56', 0, '33', 0, '37', 0, '60', 0, 611, 0, 'PASS', '', ''),
(300103317042, 'PREETI BAGHEL', '0', '0.0000', '28', 0, '41', 0, '28', 0, '30', 0, '50', 0, 544, 0, 'PASS', '', ''),
(300103317043, 'PRIYA PRAKASH', '0', '0.0000', '45', 0, '47', 0, '28', 0, '42', 0, '61', 0, 596, 0, 'PASS', '', ''),
(300103317044, 'RAHUL SINHA', '0', '0.0000', '57', 0, '33', 0, '12', 0, '28', 0, '40', 0, 540, 0, 'FAIL', '', ''),
(300103317045, 'RAJESH VERMA', '0', '0.0000', '50', 0, '60', 0, '55', 0, '59', 0, '72', 0, 686, 0, 'PASS', '', ''),
(300103317046, 'RITESH VERMA', '0', '0.0000', '44', 0, '24', 0, '19', 0, '31', 0, '40', 0, 517, 0, 'FAIL', '', ''),
(300103317047, 'RITIKA TOLANI', '0', '0.0000', '38', 0, '52', 0, '65', 0, '57', 0, '53', 0, 658, 0, 'PASS', '', ''),
(300103317048, 'RIYA PATHAK', '0', '0.0000', '43', 0, '36', 0, '15', 0, '45', 0, '56', 0, 574, 0, 'FAIL', '', ''),
(300103317049, 'ROSHNI AGRAWAL', '0', '0.0000', '43', 0, '29', 0, '20', 0, '31', 0, '44', 0, 479, 0, 'FAIL', '', ''),
(300103317050, 'RUCHIKA SHARMA', '0', '0.0000', '37', 0, '42', 0, '57', 0, '62', 0, '75', 0, 656, 0, 'PASS', '', ''),
(300103317051, 'SANDESH AGRAWAL', '0', '0.0000', '48', 0, '15', 0, '36', 0, '42', 0, '32', 0, 512, 0, 'FAIL', '', ''),
(300103317052, 'SAYAN BAGCHI', '0', '0.0000', '49', 0, '48', 0, '52', 0, '66', 0, '52', 0, 648, 0, 'PASS', '', ''),
(300103317053, 'SHUBHAM SINGH', '0', '0.0000', '41', 0, '5', 0, '2', 0, '10', 0, '12', 0, 368, 0, 'FAIL', '', ''),
(300103317054, 'SHUBHAM YADAV', '0', '0.0000', '50', 0, '64', 0, '39', 0, '67', 0, '66', 0, 677, 0, 'PASS', '', ''),
(300103317055, 'SIMRAN KHIRBAT', '0', '0.0000', '46', 0, '56', 0, '65', 0, '50', 0, '66', 0, 671, 0, 'PASS', '', ''),
(300103317056, 'SOHAIL MEMON', '0', '0.0000', '20', 0, '16', 0, '39', 0, '19', 0, '31', 0, 448, 0, 'FAIL', '', ''),
(300103317057, 'SRIJAN SHARMA', '0', '0.0000', '41', 0, '42', 0, '40', 0, '55', 0, '58', 0, 610, 0, 'PASS', '', ''),
(300103317058, 'SUMAN JOSHI', '0', '0.0000', '3', 0, '0', 0, '4', 0, '0', 0, '16', 0, 345, 0, 'FAIL', '', ''),
(300103317059, 'SUMAN VASTRAKAR', '0', '0.0000', '28', 0, '54', 0, '55', 0, '61', 0, '60', 0, 644, 0, 'PASS', '', ''),
(300103317060, 'VIBHUTI TIKARIYA', '0', '0.0000', '47', 0, '46', 0, '38', 0, '28', 0, '41', 0, 561, 0, 'PASS', '', ''),
(300103317061, 'VIVEK SHARMA', '0', '0.0000', '32', 0, '31', 0, '19', 0, '29', 0, '29', 0, 475, 0, 'FAIL', '', '');

-- --------------------------------------------------------

--
-- Table structure for table `2017_2021_1_sub`
--

CREATE TABLE `2017_2021_1_sub` (
  `Sub_code` varchar(9) DEFAULT NULL,
  `Subject` varchar(9) DEFAULT NULL,
  `FSN` varchar(50) DEFAULT NULL,
  `Teachers` varchar(20) DEFAULT NULL
) ENGINE=InnoDB DEFAULT CHARSET=latin1;

--
-- Dumping data for table `2017_2021_1_sub`
--

INSERT INTO `2017_2021_1_sub` (`Sub_code`, `Subject`, `FSN`, `Teachers`) VALUES
('300111_46', 'ENG', 'Professional Communication in English', 'Mr. John Doe'),
('300112_11', 'CHEM', 'Applied Chemistry', 'Mr. John Doe'),
('300114_14', 'M-1', 'MATHEMATICS-I', 'Mr. John Doe'),
('300118_24', 'EEE', 'Elements of Electrical Engineering (New)', 'Mr. John Doe'),
('300211_37', 'EG', 'Engineering Graphics', 'Mr. John Doe');

-- --------------------------------------------------------

--
-- Table structure for table `2017_2021_2_sem`
--

CREATE TABLE `2017_2021_2_sem` (
  `URN` bigint(12) DEFAULT NULL,
  `NAME` varchar(50) DEFAULT NULL,
  `SPI` varchar(5) DEFAULT NULL,
  `CPI` decimal(5,4) DEFAULT NULL,
  `300212_20` varchar(3) DEFAULT NULL,
  `SUB_1_Atmp` int(2) DEFAULT NULL,
  `300214_14` varchar(3) DEFAULT NULL,
  `SUB_2_Atmp` int(2) DEFAULT NULL,
  `300216_20` varchar(3) DEFAULT NULL,
  `SUB_3_Atmp` int(2) DEFAULT NULL,
  `300218_15` varchar(3) DEFAULT NULL,
  `SUB_4_Atmp` int(2) DEFAULT NULL,
  `300219_37` varchar(3) DEFAULT NULL,
  `SUB_5_Atmp` int(2) DEFAULT NULL,
  `TOTAL` int(3) DEFAULT NULL,
  `BACK_APP_COUNT` int(2) DEFAULT NULL,
  `STATUS` varchar(4) DEFAULT NULL,
  `date` varchar(10) DEFAULT NULL,
  `r_date` varchar(11) DEFAULT NULL
) ENGINE=InnoDB DEFAULT CHARSET=latin1;

--
-- Dumping data for table `2017_2021_2_sem`
--

INSERT INTO `2017_2021_2_sem` (`URN`, `NAME`, `SPI`, `CPI`, `300212_20`, `SUB_1_Atmp`, `300214_14`, `SUB_2_Atmp`, `300216_20`, `SUB_3_Atmp`, `300218_15`, `SUB_4_Atmp`, `300219_37`, `SUB_5_Atmp`, `TOTAL`, `BACK_APP_COUNT`, `STATUS`, `date`, `r_date`) VALUES
(300103317001, 'AARTI SAHU', '7.18', '7.2400', '46', 0, '31', 0, '42', 0, '41', 0, '36', 0, 513, 0, 'PASS', 'date', 'result date'),
(300103317002, 'ABHISHEK BAGARTI', '8.71', '8.7200', '42', 0, '43', 0, '64', 0, '56', 0, '52', 0, 614, 0, 'PASS', '', ''),
(300103317003, 'AISHWARYA NAIK', '8.64', '9.0200', '54', 0, '41', 0, '52', 0, '63', 0, '61', 0, 634, 0, 'PASS', '', ''),
(300103317004, 'AKASH KUMAR MISHRA', '7.93', '8.4500', '48', 0, '51', 0, '46', 0, '40', 0, '44', 0, 578, 0, 'PASS', '', ''),
(300103317005, 'AKHILESH KUMAR SONWANI', 'Fail', '0.0000', '24', 0, '28', 0, '35', 0, '18', 0, '7', 0, 422, 0, 'FAIL', '', ''),
(300103317006, 'AKRITI NIGAM', 'Fail', '0.0000', '54', 0, '30', 0, '60', 0, '35', 0, '19', 0, 529, 0, 'FAIL', '', ''),
(300103317007, 'AMIT KUMAR', 'Fail', '0.0000', '39', 0, '0', 0, '32', 0, '7', 0, '28', 0, 401, 0, 'FAIL', '', ''),
(300103317008, 'ANJALI SAGAR JANGDE', 'Fail', '0.0000', '44', 0, '23', 0, '24', 0, '35', 0, '9', 0, 498, 0, 'FAIL', '', ''),
(300103317009, 'ANKITA GUPTA', '8.32', '8.4500', '40', 0, '39', 0, '53', 0, '60', 0, '33', 0, 593, 0, 'PASS', '', ''),
(300103317010, 'ANURAG SHARMA', '8.18', '8.5300', '47', 0, '52', 0, '52', 0, '46', 0, '39', 0, 601, 0, 'PASS', '', ''),
(300103317011, 'ASHUTOSH AGRAWAL', '7.68', '8.2100', '47', 0, '41', 0, '29', 0, '48', 0, '38', 0, 545, 0, 'PASS', '', ''),
(300103317012, 'ATINDER PAL SINGH', '8.18', '8.0300', '48', 0, '31', 0, '38', 0, '58', 0, '41', 0, 584, 0, 'PASS', '', ''),
(300103317013, 'AYUSHI GUPTA', '9.14', '8.8100', '63', 0, '50', 0, '53', 0, '56', 0, '39', 0, 650, 0, 'PASS', '', ''),
(300103317014, 'AZMAL MALIK', 'Fail', '0.0000', '12', 0, '17', 0, '11', 0, '8', 0, '8', 0, 340, 0, 'FAIL', '', ''),
(300103317016, 'DEEXA MESHRAM', 'Fail', '0.0000', '28', 0, '18', 0, '28', 0, 'ABS', 0, '0', 0, 421, 0, 'FAIL', '', ''),
(300103317017, 'GAJENDRA RAMTEKE', 'Fail', '0.0000', '50', 0, 'ABS', 0, 'ABS', 0, 'ABS', 0, '2', 0, 304, 0, 'FAIL', '', ''),
(300103317018, 'GARGI SAHU', '7.32', '8.0900', '28', 0, '47', 0, '44', 0, '28', 0, '38', 0, 535, 0, 'PASS', '', ''),
(300103317019, 'GARIMA JOSHI', '7.36', '7.4700', '38', 0, '31', 0, '44', 0, '34', 0, '28', 0, 535, 0, 'PASS', '', ''),
(300103317020, 'GUNJAN KUMAR', 'Fail', '0.0000', '20', 0, '25', 0, '9', 0, '48', 0, '37', 0, 425, 0, 'FAIL', '', ''),
(300103317021, 'HARSH SONWANI', '8.68', '8.6600', '37', 0, '65', 0, '52', 0, '51', 0, '33', 0, 622, 0, 'PASS', '', ''),
(300103317022, 'ISHANT RAJ KASHYAP', 'Fail', '0.0000', '23', 0, '27', 0, '30', 0, '32', 0, '12', 0, 434, 0, 'FAIL', '', ''),
(300103317023, 'KALPANA BANJARE', '6.75', '0.0000', '23', 0, '28', 0, '33', 0, '28', 0, '30', 0, 477, 0, 'FAIL', '', ''),
(300103317024, 'KRISHNA KANT', 'Fail', '0.0000', '39', 0, '16', 0, '40', 0, '56', 0, '28', 0, 520, 0, 'FAIL', '', ''),
(300103317025, 'KRITI A. AJWANI', 'Fail', '0.0000', '47', 0, '19', 0, '44', 0, '40', 0, '43', 0, 549, 0, 'FAIL', '', ''),
(300103317026, 'KUNICA GUPTA', '9', '9.2100', '44', 0, '44', 0, '68', 0, '65', 0, '43', 0, 651, 0, 'PASS', '', ''),
(300103317027, 'MAHENDRA PATEL', '6.82', '7.0500', '30', 0, '28', 0, '43', 0, '28', 0, '29', 0, 508, 0, 'PASS', '', ''),
(300103317028, 'MANISH LAUTRE', 'Fail', '0.0000', '32', 0, '1', 0, '47', 0, '7', 0, '1', 0, 383, 0, 'FAIL', '', ''),
(300103317029, 'MANSI MUNDHRA', '7.71', '7.9500', '31', 0, '51', 0, '23', 0, '55', 0, '38', 0, 555, 0, 'FAIL', '', ''),
(300103317030, 'MAYANK TANDON', 'Fail', '0.0000', '15', 0, '16', 0, '3', 0, '13', 0, '12', 0, 353, 0, 'FAIL', '', ''),
(300103317031, 'MILI PANDEY', '8.11', '8.4800', '39', 0, '33', 0, '51', 0, '60', 0, '42', 0, 582, 0, 'PASS', '', ''),
(300103317032, 'MUSKAN VERMA', '7.93', '8.4000', '47', 0, '34', 0, '45', 0, '46', 0, '36', 0, 575, 0, 'PASS', '', ''),
(300103317033, 'NAILA NAUSIN', 'Fail', '0.0000', '37', 0, '37', 0, '47', 0, '36', 0, '15', 0, 508, 0, 'FAIL', '', ''),
(300103317034, 'NAYAN RAUT', 'Fail', '0.0000', '28', 0, '18', 0, '23', 0, '30', 0, '15', 0, 443, 0, 'FAIL', '', ''),
(300103317035, 'NETRITHV JHADI', 'Fail', '0.0000', '18', 0, '0', 0, '21', 0, '0', 0, '1', 0, 298, 0, 'FAIL', '', ''),
(300103317036, 'NIHAL KUMAR', 'Fail', '0.0000', '23', 0, '32', 0, '35', 0, '15', 0, '36', 0, 476, 0, 'FAIL', '', ''),
(300103317037, 'O LALITA', '8.71', '9.1400', '51', 0, '50', 0, '38', 0, '51', 0, '60', 0, 626, 0, 'PASS', '', ''),
(300103317038, 'OMPRAKASH NAYAK', '8.5', '8.9700', '44', 0, '59', 0, '49', 0, '44', 0, '43', 0, 614, 0, 'PASS', '', ''),
(300103317039, 'PANKAJ MANIKPURI', '7.79', '7.9500', '31', 0, '23', 0, '55', 0, '34', 0, '43', 0, 553, 0, 'FAIL', '', ''),
(300103317040, 'POOJA SINGH', '8.46', '8.6900', '47', 0, '52', 0, '40', 0, '53', 0, '66', 0, 619, 0, 'PASS', '', ''),
(300103317041, 'POOJA VERMA', '7.17', '7.7400', '32', 0, '28', 0, '41', 0, '44', 0, '23', 0, 519, 0, 'FAIL', '', ''),
(300103317042, 'PREETI BAGHEL', 'Fail', '0.0000', '42', 0, '11', 0, '48', 0, '15', 0, '22', 0, 470, 0, 'FAIL', '', ''),
(300103317043, 'PRIYA PRAKASH', '7.43', '7.8400', '47', 0, '36', 0, '46', 0, '30', 0, '31', 0, 538, 0, 'PASS', '', ''),
(300103317044, 'RAHUL SINHA', 'Fail', '0.0000', '34', 0, '15', 0, '37', 0, '37', 0, '34', 0, 510, 0, 'FAIL', '', ''),
(300103317045, 'RAJESH VERMA', '7.75', '8.5200', '50', 0, '45', 0, '39', 0, '50', 0, '42', 0, 547, 0, 'PASS', '', ''),
(300103317046, 'RITESH VERMA', 'Fail', '0.0000', '30', 0, '19', 0, '43', 0, '38', 0, '31', 0, 485, 0, 'FAIL', '', ''),
(300103317047, 'RITIKA TOLANI', '8.04', '8.6600', '37', 0, '36', 0, '49', 0, '29', 0, '51', 0, 583, 0, 'PASS', '', ''),
(300103317048, 'RIYA PATHAK', 'Fail', '0.0000', '57', 0, '11', 0, '35', 0, '28', 0, '32', 0, 513, 0, 'FAIL', '', ''),
(300103317049, 'ROSHINI AGRAWAL', 'Fail', '0.0000', '12', 0, '9', 0, '23', 0, '3', 0, '14', 0, 337, 0, 'FAIL', '', ''),
(300103317050, 'RUCHIKA SHARMA', '8.68', '8.8100', '53', 0, '49', 0, '41', 0, '58', 0, '43', 0, 618, 0, 'PASS', '', ''),
(300103317051, 'SANDESH AGRAWAL', 'Fail', '0.0000', '33', 0, '29', 0, '29', 0, '33', 0, '10', 0, 443, 0, 'FAIL', '', ''),
(300103317052, 'SAYAN BAGCHI', '8.71', '8.8100', '43', 0, '54', 0, '52', 0, '59', 0, '47', 0, 630, 0, 'PASS', '', ''),
(300103317053, 'SHUBHAM SINGH', 'Fail', '0.0000', 'ABS', 0, 'ABS', 0, 'ABS', 0, 'ABS', 0, 'ABS', 0, 177, 0, 'FAIL', '', ''),
(300103317054, 'SHUBHAM YADAV', '8.86', '9.2100', '41', 0, '58', 0, '51', 0, '61', 0, '46', 0, 642, 0, 'PASS', '', ''),
(300103317055, 'SIMRAN KHIRBAT', '8.64', '8.9000', '50', 0, '57', 0, '47', 0, '55', 0, '49', 0, 631, 0, 'PASS', '', ''),
(300103317056, 'SOHAIL MEMON', 'Fail', '0.0000', '21', 0, '56', 0, '34', 0, '29', 0, '37', 0, 514, 0, 'FAIL', '', ''),
(300103317057, 'SRIJAN SHARMA', '7.64', '8.0500', '30', 0, '47', 0, '39', 0, '34', 0, '41', 0, 539, 0, 'PASS', '', ''),
(300103317059, 'SUMAN VASTRAKAR', '9.32', '9.0700', '70', 0, '51', 0, '46', 0, '65', 0, '61', 0, 665, 0, 'PASS', '', ''),
(300103317060, 'VIBHUTI TIKARIHA', '7.79', '7.6900', '40', 0, '38', 0, '51', 0, '41', 0, '48', 0, 552, 0, 'PASS', '', ''),
(300103317061, 'VIVEK SHARMA', 'Fail', '0.0000', '21', 0, '12', 0, '30', 0, '33', 0, '32', 0, 441, 0, 'FAIL', '', '');

-- --------------------------------------------------------

--
-- Table structure for table `2017_2021_2_sub`
--

CREATE TABLE `2017_2021_2_sub` (
  `Sub_code` varchar(9) DEFAULT NULL,
  `Subject` varchar(9) DEFAULT NULL,
  `FSN` varchar(50) DEFAULT NULL,
  `Teachers` varchar(30) DEFAULT NULL
) ENGINE=InnoDB DEFAULT CHARSET=latin1;

--
-- Dumping data for table `2017_2021_2_sub`
--

INSERT INTO `2017_2021_2_sub` (`Sub_code`, `Subject`, `FSN`, `Teachers`) VALUES
('300212_20', 'ECHO', 'Environment & Ecology', 'Mr. John Doe'),
('300214_14', 'M-II', 'MATHEMATICS-II', 'Mr. John Doe'),
('300216_20', 'BCE', 'Basic Civil Engineering', 'Mr. John Doe'),
('300218_15', 'PHY', 'Applied Physics (New) ', 'Mr. John Doe'),
('300219_37', 'FME', 'Fundamental of Mechanical Engineering (New) ', 'Mr. John Doe');

-- --------------------------------------------------------

--
-- Table structure for table `2017_2021_3_sem`
--

CREATE TABLE `2017_2021_3_sem` (
  `URN` bigint(10) DEFAULT NULL,
  `NAME` varchar(50) DEFAULT NULL,
  `SPI` varchar(5) DEFAULT NULL,
  `CPI` decimal(5,4) DEFAULT NULL,
  `333351_14` varchar(3) DEFAULT NULL,
  `SUB_1_Atmp` int(2) DEFAULT NULL,
  `333352_14` varchar(3) DEFAULT NULL,
  `SUB_2_Atmp` int(2) DEFAULT NULL,
  `333353_33` varchar(3) DEFAULT NULL,
  `SUB_3_Atmp` int(2) DEFAULT NULL,
  `333354_33` varchar(3) DEFAULT NULL,
  `SUB_4_Atmp` int(2) DEFAULT NULL,
  `333355_33` varchar(3) DEFAULT NULL,
  `SUB_5_Atmp` int(2) DEFAULT NULL,
  `333356_33` varchar(3) DEFAULT NULL,
  `SUB_6_Atmp` int(2) DEFAULT NULL,
  `TOTAL` int(3) DEFAULT NULL,
  `BACK_APP_COUNT` int(2) DEFAULT NULL,
  `STATUS` varchar(4) DEFAULT NULL,
  `date` varchar(10) DEFAULT NULL,
  `r_date` varchar(11) DEFAULT NULL
) ENGINE=InnoDB DEFAULT CHARSET=latin1;

--
-- Dumping data for table `2017_2021_3_sem`
--

INSERT INTO `2017_2021_3_sem` (`URN`, `NAME`, `SPI`, `CPI`, `333351_14`, `SUB_1_Atmp`, `333352_14`, `SUB_2_Atmp`, `333353_33`, `SUB_3_Atmp`, `333354_33`, `SUB_4_Atmp`, `333355_33`, `SUB_5_Atmp`, `333356_33`, `SUB_6_Atmp`, `TOTAL`, `BACK_APP_COUNT`, `STATUS`, `date`, `r_date`) VALUES
(300103317001, 'AARTI SAHU', '0', '0.0000', '53', 0, '37', 0, '40', 0, '50', 0, '52', 0, '40', 0, 730, 0, 'PASS', 'date', 'result date'),
(300103317002, 'ABHISHEK BAGARTI', '0', '0.0000', '57', 0, '29', 0, '51', 0, '47', 0, '52', 0, '43', 0, 756, 0, 'PASS', '', ''),
(300103317003, 'AISHWARYA NAIK', '0', '0.0000', '43', 0, '59', 0, '54', 0, '48', 0, '39', 0, '57', 0, 806, 0, 'PASS', '', ''),
(300103317004, 'AKASH KUMAR MISHRA', '0', '0.0000', '48', 0, '31', 0, '48', 0, '41', 0, '42', 0, '37', 0, 674, 0, 'PASS', '', ''),
(300103317005, 'AKHILESH KUMAR SONWANI', '0', '0.0000', '15', 0, '28', 0, '19', 0, '19', 0, '7', 0, '6', 0, 400, 0, 'FAIL', '', ''),
(300103317006, 'AKRITI NIGAM', '0', '0.0000', '28', 0, '37', 0, '44', 0, '44', 0, '33', 0, '48', 0, 676, 0, 'PASS', '', ''),
(300103317007, 'AMIT KUMAR', '0', '0.0000', '8', 0, '29', 0, '35', 0, '36', 0, '34', 0, '28', 0, 428, 0, 'FAIL', '', ''),
(300103317008, 'ANJALI SAGAR JANGDE', '0', '0.0000', '29', 0, '28', 0, '47', 0, '14', 0, '30', 0, '28', 0, 643, 0, 'FAIL', '', ''),
(300103317009, 'ANKITA GUPTA', '0', '0.0000', '52', 0, '43', 0, '57', 0, '51', 0, '44', 0, '50', 0, 786, 0, 'PASS', '', ''),
(300103317010, 'ANURAG SHARMA', '0', '0.0000', '41', 0, '47', 0, '31', 0, '60', 0, '62', 0, '38', 0, 781, 0, 'PASS', '', ''),
(300103317011, 'ASHUTOSH AGRAWAL', '0', '0.0000', '42', 0, '45', 0, '46', 0, '42', 0, '28', 0, '38', 0, 545, 0, 'PASS', '', ''),
(300103317012, 'ATINDER PAL SINGH', '0', '0.0000', '30', 0, '48', 0, '49', 0, '43', 0, '64', 0, '40', 0, 734, 0, 'PASS', '', ''),
(300103317013, 'AYUSHI GUPTA', '0', '0.0000', '61', 0, '39', 0, '50', 0, '56', 0, '43', 0, '41', 0, 802, 0, 'PASS', '', ''),
(300103317014, 'AZMAL MALIK', '0', '0.0000', '14', 0, '35', 0, '23', 0, '15', 0, '19', 0, '17', 0, 324, 0, 'FAIL', '', ''),
(300103317016, 'DEEXA MESHRAM', '0', '0.0000', '12', 0, '1', 0, '10', 0, '16', 0, '33', 0, '48', 0, 548, 0, 'FAIL', '', ''),
(300103317017, 'GAJENDRA RAMTEKE', '0', '0.0000', 'ABS', 0, 'ABS', 0, 'ABS', 0, 'ABS', 0, 'ABS', 0, 'ABS', 0, 215, 0, 'FAIL', '', ''),
(300103317018, 'GARGI SAHU', '0', '0.0000', '51', 0, '28', 0, '41', 0, '39', 0, '42', 0, '36', 0, 714, 0, 'PASS', '', ''),
(300103317019, 'GARIMA JOSHI', '0', '0.0000', '33', 0, '44', 0, '38', 0, '41', 0, '33', 0, '31', 0, 673, 0, 'PASS', '', ''),
(300103317020, 'GUNJAN KUMAR', '0', '0.0000', '28', 0, '28', 0, '18', 0, '43', 0, '31', 0, '36', 0, 477, 0, 'FAIL', '', ''),
(300103317021, 'HARSH SONWANI', '0', '0.0000', '61', 0, '59', 0, '38', 0, '48', 0, '50', 0, '38', 0, 801, 0, 'PASS', '', ''),
(300103317022, 'ISHANT RAJ KASHYAP', '0', '0.0000', '28', 0, '16', 0, '12', 0, '17', 0, '13', 0, '13', 0, 416, 0, 'FAIL', '', ''),
(300103317023, 'KALPANA BANJARE', '0', '0.0000', '3', 0, '17', 0, '21', 0, '20', 0, '17', 0, '28', 0, 564, 0, 'FAIL', '', ''),
(300103317024, 'KRISHNA KANT', '0', '0.0000', '54', 0, '44', 0, '44', 0, '43', 0, '59', 0, '53', 0, 755, 0, 'PASS', '', ''),
(300103317025, 'KRITI A. AJWANI', '0', '0.0000', '58', 0, '34', 0, '36', 0, '63', 0, '33', 0, '42', 0, 764, 0, 'PASS', '', ''),
(300103317026, 'KUNICA GUPTA', '0', '0.0000', '59', 0, '54', 0, '65', 0, '60', 0, '66', 0, '49', 0, 865, 0, 'PASS', '', ''),
(300103317027, 'MAHENDRA PATEL', '0', '0.0000', '43', 0, '54', 0, '33', 0, '57', 0, '33', 0, '57', 0, 743, 0, 'PASS', '', ''),
(300103317028, 'MANISH LAUTRE', '0', '0.0000', '15', 0, '46', 0, '23', 0, '44', 0, '57', 0, '31', 0, 529, 0, 'FAIL', '', ''),
(300103317029, 'MANSI MUNDHRA', '0', '0.0000', '40', 0, '41', 0, '39', 0, '41', 0, '34', 0, '39', 0, 693, 0, 'PASS', '', ''),
(300103317031, 'MILI PANDEY', '0', '0.0000', '30', 0, '50', 0, '43', 0, '58', 0, '37', 0, '45', 0, 747, 0, 'PASS', '', ''),
(300103317032, 'MUSKAN VERMA', '0', '0.0000', '39', 0, '47', 0, '53', 0, '43', 0, '34', 0, '34', 0, 736, 0, 'PASS', '', ''),
(300103317033, 'NAILA NAUSIN', '0', '0.0000', '35', 0, '48', 0, '48', 0, '57', 0, '43', 0, '34', 0, 736, 0, 'PASS', '', ''),
(300103317034, 'NAYAN RAUT', '0', '0.0000', '28', 0, '17', 0, '18', 0, '45', 0, '34', 0, '28', 0, 596, 0, 'FAIL', '', ''),
(300103317035, 'NETRITHV JHADI', '0', '0.0000', '10', 0, '0', 0, '28', 0, '15', 0, '9', 0, '14', 0, 238, 0, 'FAIL', '', ''),
(300103317036, 'NIHAL KUMAR', '0', '0.0000', '63', 0, '45', 0, '32', 0, '52', 0, '51', 0, '44', 0, 767, 0, 'PASS', '', ''),
(300103317038, 'OMPRAKASH NAYAK', '0', '0.0000', '53', 0, '54', 0, '44', 0, '45', 0, '59', 0, '61', 0, 814, 0, 'PASS', '', ''),
(300103317039, 'PANKAJ MANIKPURI', '0', '0.0000', '39', 0, '33', 0, '50', 0, '47', 0, '44', 0, '43', 0, 748, 0, 'PASS', '', ''),
(300103317040, 'POOJA SINGH', '0', '0.0000', '60', 0, '48', 0, '56', 0, '47', 0, '38', 0, '37', 0, 768, 0, 'PASS', '', ''),
(300103317041, 'POOJA VERMA', '0', '0.0000', '28', 0, '41', 0, '28', 0, '43', 0, '28', 0, '36', 0, 673, 0, 'PASS', '', ''),
(300103317042, 'PREETI BAGHEL', '0', '0.0000', '42', 0, '28', 0, '28', 0, '53', 0, '61', 0, '15', 0, 664, 0, 'FAIL', '', ''),
(300103317043, 'PRIYA PRAKASH', '0', '0.0000', '47', 0, '34', 0, '38', 0, '40', 0, '44', 0, '25', 0, 660, 0, 'FAIL', '', ''),
(300103317044, 'RAHUL SINHA', '0', '0.0000', '29', 0, '32', 0, '56', 0, '40', 0, '35', 0, '40', 0, 708, 0, 'PASS', '', ''),
(300103317046, 'RITESH VERMA', '0', '0.0000', '34', 0, '41', 0, '59', 0, '39', 0, '33', 0, '33', 0, 649, 0, 'PASS', '', ''),
(300103317047, 'RITIKA TOLANI', '0', '0.0000', '48', 0, '49', 0, '35', 0, '46', 0, '46', 0, '39', 0, 760, 0, 'PASS', '', ''),
(300103317048, 'RIYA PATHAK', '0', '0.0000', '6', 0, '43', 0, '37', 0, '51', 0, '30', 0, '31', 0, 670, 0, 'FAIL', '', ''),
(300103317049, 'ROSHINI AGRAWAL', '0', '0.0000', '28', 0, '0', 0, '12', 0, '31', 0, '28', 0, '5', 0, 383, 0, 'FAIL', '', ''),
(300103317050, 'RUCHIKA SHARMA', '0', '0.0000', '71', 0, '62', 0, '42', 0, '57', 0, '46', 0, '66', 0, 818, 0, 'PASS', '', ''),
(300103317051, 'SANDESH AGRAWAL', '0', '0.0000', '28', 0, '30', 0, '18', 0, '23', 0, '28', 0, '20', 0, 447, 0, 'FAIL', '', ''),
(300103317052, 'SAYAN BAGCHI', '0', '0.0000', '62', 0, '52', 0, '51', 0, '47', 0, '44', 0, '41', 0, 794, 0, 'PASS', '', ''),
(300103317053, 'SHUBHAM SINGH', '0', '0.0000', '0', 0, '0', 0, 'ABS', 0, 'ABS', 0, 'ABS', 0, 'ABS', 0, 156, 0, 'FAIL', '', ''),
(300103317054, 'SHUBHAM YADAV', '0', '0.0000', '45', 0, '74', 0, '60', 0, '43', 0, '42', 0, '48', 0, 822, 0, 'PASS', '', ''),
(300103317055, 'SIMRAN KHIRBAT', '0', '0.0000', '67', 0, '39', 0, '62', 0, '61', 0, '45', 0, '40', 0, 813, 0, 'PASS', '', ''),
(300103317056, 'SOHAIL MEMON', '0', '0.0000', '41', 0, '32', 0, '28', 0, '53', 0, '53', 0, '28', 0, 574, 0, 'PASS', '', ''),
(300103317057, 'SRIJAN SHARMA', '0', '0.0000', '42', 0, '46', 0, '49', 0, '36', 0, '53', 0, '43', 0, 744, 0, 'PASS', '', ''),
(300103317060, 'VIBHUTI TIKARIHA', '0', '0.0000', '45', 0, '57', 0, '57', 0, '44', 0, '45', 0, '37', 0, 703, 0, 'PASS', '', ''),
(300103317062, 'DHARINEE CHANDRAKAR', '0', '0.0000', '62', 0, '62', 0, '64', 0, '60', 0, '68', 0, '46', 0, 857, 0, 'PASS', '', ''),
(300103317063, 'S SALMAN', '0', '0.0000', '56', 0, '56', 0, '59', 0, '50', 0, '54', 0, '44', 0, 817, 0, 'PASS', '', ''),
(300103317064, 'SRIJAN KARMAHE', '0', '0.0000', '50', 0, '52', 0, '54', 0, '60', 0, '63', 0, '39', 0, 719, 0, 'PASS', '', ''),
(300103317065, 'SWATI VERMA', '0', '0.0000', '50', 0, '46', 0, '41', 0, '48', 0, '54', 0, '38', 0, 773, 0, 'PASS', '', ''),
(300103317066, 'BUDI AYUSH NARAYAN MURTY', '0', '0.0000', '45', 0, '35', 0, '23', 0, 'ABS', 0, '23', 0, '14', 0, 535, 0, 'FAIL', '', '');

-- --------------------------------------------------------

--
-- Table structure for table `2017_2021_3_sub`
--

CREATE TABLE `2017_2021_3_sub` (
  `Sub_code` varchar(9) DEFAULT NULL,
  `Subject` varchar(9) DEFAULT NULL,
  `FSN` varchar(50) DEFAULT NULL,
  `Teachers` varchar(20) DEFAULT NULL
) ENGINE=InnoDB DEFAULT CHARSET=latin1;

--
-- Dumping data for table `2017_2021_3_sub`
--

INSERT INTO `2017_2021_3_sub` (`Sub_code`, `Subject`, `FSN`, `Teachers`) VALUES
('333351_14', 'M-III', 'MATHEMATICS-III', 'Mr. John Doe'),
('333352_14', 'DS', 'DISCRETE STRUCTURE', 'Dr. Jyothi Pillai'),
('333353_33', 'BENT', 'BASIC ELECRONICS & NETWORK THEORY', 'Mrs. K Shubhashini S'),
('333354_33', 'CIWT', 'COPNCEPT OF IT & WEB TECH.', 'Mr. P.D. Mishra'),
('333355_33', 'C', 'PROBLEM SOLVING & LOGIC BUILDING USING C', 'Mr. Amerandra Singh'),
('333356_33', 'DELD', 'Digital Electronics & Logic Design', 'Mr. Toshant Kumar');

-- --------------------------------------------------------

--
-- Table structure for table `2017_2021_4_sem`
--

CREATE TABLE `2017_2021_4_sem` (
  `URN` bigint(10) DEFAULT NULL,
  `NAME` varchar(50) DEFAULT NULL,
  `SPI` varchar(5) DEFAULT NULL,
  `CPI` decimal(5,4) DEFAULT NULL,
  `333451_14` varchar(3) DEFAULT NULL,
  `SUB_1_Atmp` int(2) DEFAULT NULL,
  `333452_33` varchar(3) DEFAULT NULL,
  `SUB_2_Atmp` int(2) DEFAULT NULL,
  `333453_22` varchar(3) DEFAULT NULL,
  `SUB_3_Atmp` int(2) DEFAULT NULL,
  `333454_28` varchar(3) DEFAULT NULL,
  `SUB_4_Atmp` int(2) DEFAULT NULL,
  `333455_33` varchar(3) DEFAULT NULL,
  `SUB_5_Atmp` int(2) DEFAULT NULL,
  `333456_33` varchar(3) DEFAULT NULL,
  `SUB_6_Atmp` int(2) DEFAULT NULL,
  `TOTAL` int(3) DEFAULT NULL,
  `BACK_APP_COUNT` int(2) DEFAULT NULL,
  `STATUS` varchar(4) DEFAULT NULL,
  `date` varchar(10) DEFAULT NULL,
  `r_date` varchar(11) DEFAULT NULL
) ENGINE=InnoDB DEFAULT CHARSET=latin1;

--
-- Dumping data for table `2017_2021_4_sem`
--

INSERT INTO `2017_2021_4_sem` (`URN`, `NAME`, `SPI`, `CPI`, `333451_14`, `SUB_1_Atmp`, `333452_33`, `SUB_2_Atmp`, `333453_22`, `SUB_3_Atmp`, `333454_28`, `SUB_4_Atmp`, `333455_33`, `SUB_5_Atmp`, `333456_33`, `SUB_6_Atmp`, `TOTAL`, `BACK_APP_COUNT`, `STATUS`, `date`, `r_date`) VALUES
(300103317001, 'AARTI SAHU', '7.85', '7.7500', '56', 0, '37', 0, '32', 0, '51', 0, '57', 0, '45', 0, 696, 0, 'PASS', 'date', 'result date'),
(300103317002, 'ABSHISHEK BAGARTI', '7.53', '8.2000', '30', 0, '41', 0, '38', 0, '41', 0, '71', 0, '52', 0, 679, 0, 'PASS', '', ''),
(300103317003, 'AISHWARYA NAIK', '8.41', '8.7100', '42', 0, '42', 0, '47', 0, '42', 0, '46', 0, '45', 0, 736, 0, 'PASS', '', ''),
(300103317004, 'AKASH KUMAR MISHRA', '7.24', '7.7000', '57', 0, '33', 0, '32', 0, '34', 0, '43', 0, '38', 0, 628, 0, 'PASS', '', ''),
(300103317005, 'AKHILESH KUMAR SONWANI', '', '0.0000', '32', 0, '42', 1, '28', 0, '32', 1, '40', 1, '29', 1, 501, 2, 'PASS', '', ''),
(300103317006, 'AKRITI NIGAM', '7.15', '7.3800', '41', 0, '44', 0, '36', 0, '34', 2, '43', 0, '43', 0, 651, 2, 'PASS', '', ''),
(300103317007, 'AMIT KUMAR', '7.4', '7.4000', '32', 1, '32', 0, '28', 0, '13', 0, '23', 0, '10', 0, 356, 1, 'FAIL', '', ''),
(300103317008, 'ANJALI SAGAR JANGDE', '7.91', '7.6600', '57', 0, '24', 0, '40', 0, '28', 0, '62', 0, '48', 0, 700, 0, 'FAIL', '', ''),
(300103317009, 'ANKITA GUPTA', '8.59', '8.5600', '42', 0, '57', 0, '39', 0, '36', 0, '59', 0, '56', 0, 778, 0, 'PASS', '', ''),
(300103317010, 'ANURAG SHARMA', '8.06', '8.4400', '42', 0, '35', 0, '34', 0, '41', 0, '51', 0, '45', 0, 720, 0, 'PASS', '', ''),
(300103317011, 'ASHUTOSH AGRAWAL', '5.82', '6.6800', '61', 0, '32', 0, '32', 0, '32', 0, '35', 0, '50', 0, 527, 0, 'PASS', '', ''),
(300103317012, 'ATINDER PAL SINGH', '7.47', '7.8700', '59', 0, '48', 0, '38', 0, '42', 0, '39', 0, '41', 0, 661, 0, 'PASS', '', ''),
(300103317013, 'AYUSHI GUPTA', '8.94', '8.8500', '70', 0, '50', 0, '43', 0, '41', 0, '53', 0, '50', 0, 807, 0, 'PASS', '', ''),
(300103317014, 'AZMAL MALIK', '', '0.0000', '9', 0, '11', 0, '34', 0, '11', 0, '16', 0, '6', 0, 304, 0, 'FAIL', '', ''),
(300103317016, 'DEEXA MESHRAM', '', '0.0000', '17', 0, '38', 0, '37', 0, '37', 0, '14', 0, '37', 0, 575, 0, 'FAIL', '', ''),
(300103317017, 'GAJENDRA RAMTEKE', '', '0.0000', '28', 0, '19', 0, '28', 0, 'ABS', 0, '10', 0, '5', 0, 266, 0, 'FAIL', '', ''),
(300103317018, 'GARGI SAHU', '', '0.0000', '50', 0, '20', 0, '35', 0, '42', 0, '40', 0, '30', 0, 662, 0, 'FAIL', '', ''),
(300103317019, 'GARIMA JOSHI', '7.53', '7.4500', '44', 0, '33', 0, '28', 0, '30', 0, '47', 0, '48', 0, 659, 0, 'PASS', '', ''),
(300103317020, 'GUNJAN KUMAR', '', '0.0000', '34', 0, '48', 0, '30', 0, '17', 0, '50', 0, '42', 0, 549, 0, 'FAIL', '', ''),
(300103317021, 'HARSH SONWANI', '8.79', '8.7900', '56', 0, '42', 0, '37', 0, '44', 0, '57', 0, '54', 0, 790, 0, 'PASS', '', ''),
(300103317022, 'ISHANT RAJ KASHYAP', '', '0.0000', '33', 0, '9', 0, '28', 0, '29', 0, '16', 0, '9', 0, 517, 0, 'FAIL', '', ''),
(300103317023, 'KALPANA BANJARE', '', '0.0000', '7', 0, '12', 0, '16', 0, '17', 0, '28', 0, '28', 0, 526, 0, 'FAIL', '', ''),
(300103317024, 'KRISHNA KANT', '7.74', '7.8700', '59', 0, '45', 0, '38', 0, '39', 0, '37', 0, '44', 0, 693, 0, 'PASS', '', ''),
(300103317025, 'KRITI A. AJWANI', '8.12', '8.2500', '48', 0, '40', 0, '45', 0, '30', 0, '54', 0, '51', 0, 728, 0, 'PASS', '', ''),
(300103317026, 'KUNICA GUPTA', '9.41', '9.3400', '62', 0, '51', 0, '47', 0, '54', 0, '65', 0, '58', 0, 850, 0, 'PASS', '', ''),
(300103317027, 'MAHENDRA PATEL', '7.68', '7.7300', '37', 0, '46', 0, '31', 0, '46', 0, '50', 0, '38', 0, 684, 0, 'PASS', '', ''),
(300103317028, 'MANISH LAUTRE', '', '0.0000', '9', 0, '36', 0, '36', 0, '35', 0, '28', 0, '23', 0, 521, 0, 'FAIL', '', ''),
(300103317029, 'MANSI MUNDHRA', '7.53', '7.8000', '38', 0, '46', 0, '33', 0, '37', 0, '47', 0, '46', 0, 689, 0, 'PASS', '', ''),
(300103317031, 'MILI PANDEY', '7.74', '8.1800', '60', 0, '35', 0, '44', 0, '39', 0, '50', 0, '45', 0, 700, 0, 'PASS', '', ''),
(300103317032, 'MUSKAN VERMA', '7.68', '8.0500', '36', 0, '30', 0, '34', 0, '41', 0, '49', 0, '34', 0, 686, 0, 'PASS', '', ''),
(300103317033, 'NAILA NAUSIN', '7.53', '0.0000', '33', 0, '38', 0, '40', 0, '23', 0, '47', 0, '51', 0, 679, 0, 'FAIL', '', ''),
(300103317034, 'NAYAN RAUT', '', '0.0000', '30', 0, '22', 0, '30', 0, '40', 0, '31', 0, '28', 0, 552, 0, 'FAIL', '', ''),
(300103317035, 'NETRITHV JHADI', '', '0.0000', '10', 0, '16', 0, '19', 0, '0', 0, '24', 0, '15', 0, 300, 0, 'FAIL', '', ''),
(300103317036, 'NIHAL KUMAR', '7.97', '0.0000', '57', 0, '50', 0, '41', 0, '33', 0, '58', 0, '41', 0, 703, 0, 'PASS', '', ''),
(300103317038, 'OMPRAKASH NAYAK', '8.44', '8.7900', '57', 0, '38', 0, '39', 0, '51', 0, '38', 0, '58', 0, 777, 0, 'PASS', '', ''),
(300103317039, 'PANKAJ MANIKPURI', '8.09', '8.1000', '33', 0, '48', 0, '31', 0, '50', 0, '47', 0, '46', 0, 730, 0, 'PASS', '', ''),
(300103317040, 'POOJA SINGH', '8.06', '8.4100', '51', 0, '43', 0, '36', 0, '50', 0, '51', 0, '48', 0, 725, 0, 'PASS', '', ''),
(300103317041, 'POOJA VERMA', '', '0.0000', '32', 0, '28', 0, '31', 0, '15', 0, '50', 0, '42', 0, 610, 0, 'FAIL', '', ''),
(300103317042, 'PREETI BAGHEL', '7.65', '0.0000', '35', 0, '49', 0, '41', 0, '39', 0, '54', 0, '52', 0, 688, 0, 'PASS', '', ''),
(300103317043, 'PRIYA PRAKASH', '7.03', '7.4300', '51', 0, '38', 0, '33', 0, '30', 0, '36', 0, '51', 0, 628, 0, 'PASS', '', ''),
(300103317044, 'RAHUL SINHA', '7.47', '7.6200', '28', 0, '28', 0, '31', 0, '28', 0, '47', 0, '34', 0, 668, 0, 'PASS', '', ''),
(300103317046, 'RITESH VERMA', '7.12', '7.1500', '28', 0, '36', 0, '36', 0, '46', 0, '48', 0, '41', 0, 650, 0, 'PASS', '', ''),
(300103317047, 'RITIKA TOLANI', '8.44', '8.4800', '36', 0, '41', 0, '31', 0, '58', 0, '46', 0, '53', 0, 760, 0, 'PASS', '', ''),
(300103317048, 'RIYA PATHAK', '7.71', '0.0000', '29', 0, '50', 0, '37', 0, '28', 0, '58', 0, '40', 0, 692, 0, 'PASS', '', ''),
(300103317049, 'ROSHINI AGRAWAL', '', '0.0000', '2', 0, 'ABS', 0, 'ABS', 0, '3', 0, '6', 0, '11', 0, 208, 0, 'FAIL', '', ''),
(300103317050, 'RUCHIKA SHARMA', '8.799', '8.8800', '58', 0, '47', 0, '28', 0, '52', 0, '64', 0, '63', 0, 796, 0, 'PASS', '', ''),
(300103317051, 'SANDESH AGRAWAL', '5.91', '0.0000', '30', 0, '39', 0, '28', 0, '34', 0, '41', 0, '44', 0, 529, 0, 'PASS', '', ''),
(300103317052, 'SAYAN BAGCHI', '8.35', '8.6300', '66', 0, '45', 0, '37', 0, '46', 0, '37', 0, '40', 0, 743, 0, 'PASS', '', ''),
(300103317054, 'SHUBHAM YADAV', '9.06', '9.0400', '66', 0, '45', 0, '45', 0, '58', 0, '56', 0, '48', 0, 831, 0, 'PASS', '', ''),
(300103317055, 'SIMRAN KHIRBAT', '8.79', '8.9100', '59', 0, '46', 0, '30', 0, '47', 0, '61', 0, '55', 0, 781, 0, 'PASS', '', ''),
(300103317056, 'SOHAIL MEMON', '', '0.0000', '33', 0, '20', 0, '31', 0, 'ABS', 0, '54', 0, '14', 0, 517, 0, 'FAIL', '', ''),
(300103317057, 'SRIJAN SHARMA', '7.82', '8.1100', '45', 0, '46', 0, '37', 0, '28', 0, '57', 0, '39', 0, 674, 0, 'PASS', '', ''),
(300103317060, 'VIBHUTI TIKARIHA', '8.06', '7.8500', '49', 0, '50', 0, '39', 0, '44', 0, '59', 0, '56', 0, 723, 0, 'PASS', '', ''),
(300103317062, 'DHARINEE CHANDRAKAR', '8.88', '8.9600', '46', 0, '47', 0, '45', 0, '43', 0, '67', 0, '56', 0, 813, 0, 'PASS', '', ''),
(300103317063, 'S SALMAN', '9.29', '9.0700', '76', 0, '53', 0, '36', 0, '59', 0, '60', 0, '64', 0, 844, 0, 'PASS', '', ''),
(300103317064, 'SRIJAN KARMAHE', '8.79', '8.5400', '53', 0, '56', 0, '34', 0, '45', 0, '46', 0, '54', 0, 800, 0, 'PASS', '', ''),
(300103317065, 'SWATI VERMA', '8.53', '8.6500', '68', 0, '41', 0, '37', 0, '44', 0, '56', 0, '40', 0, 755, 0, 'PASS', '', ''),
(300103317066, 'BUDI AYUSH NARAYANMURTY', '', '0.0000', '40', 0, '42', 0, 'ABS', 0, '20', 0, '41', 0, '11', 0, 555, 0, 'FAIL', '', '');

-- --------------------------------------------------------

--
-- Table structure for table `2017_2021_4_sub`
--

CREATE TABLE `2017_2021_4_sub` (
  `Sub_code` varchar(9) DEFAULT NULL,
  `Subject` varchar(9) DEFAULT NULL,
  `FSN` varchar(50) DEFAULT NULL,
  `Teachers` varchar(30) DEFAULT NULL
) ENGINE=InnoDB DEFAULT CHARSET=latin1;

--
-- Dumping data for table `2017_2021_4_sub`
--

INSERT INTO `2017_2021_4_sub` (`Sub_code`, `Subject`, `FSN`, `Teachers`) VALUES
('333451_14', 'CM', 'Computational Mathematics', 'Mr. John Doe'),
('333452_33', 'TSCN', 'Telecom Switching & Computer Networks', 'Mr. Amerandra Singh'),
('333453_22', 'DSAA', 'Data Structures and Algorithm Analysis ', 'Dr. Jyothi Pillai'),
('333454_28', 'AEC', 'Analog Electronics Circuits', 'Mrs. K Shubhashini Spurjeon'),
('333455_33', 'CPP', 'Object Oriented Concepts & Programming using C++', 'Mr. Sarang Pitale'),
('333456_33', 'COA', 'Computer Networks & Architecture', 'Dr. Ani Thomas');

-- --------------------------------------------------------

--
-- Table structure for table `2017_2021_5_sem`
--

CREATE TABLE `2017_2021_5_sem` (
  `URN` bigint(10) DEFAULT NULL,
  `NAME` varchar(50) DEFAULT NULL,
  `SPI` varchar(5) DEFAULT NULL,
  `CPI` decimal(5,4) DEFAULT NULL,
  `322551_22` varchar(3) DEFAULT NULL,
  `SUB_1_Atmp` int(2) DEFAULT NULL,
  `333552_33` varchar(3) DEFAULT NULL,
  `SUB_2_Atmp` int(2) DEFAULT NULL,
  `333554_33` varchar(3) DEFAULT NULL,
  `SUB_3_Atmp` int(2) DEFAULT NULL,
  `333553_33` varchar(3) DEFAULT NULL,
  `SUB_4_Atmp` int(2) DEFAULT NULL,
  `333555_33` varchar(3) DEFAULT NULL,
  `SUB_5_Atmp` int(2) DEFAULT NULL,
  `333556_33` varchar(3) DEFAULT NULL,
  `SUB_6_Atmp` int(2) DEFAULT NULL,
  `TOTAL` int(3) DEFAULT NULL,
  `BACK_APP_COUNT` int(2) DEFAULT NULL,
  `STATUS` varchar(4) DEFAULT NULL,
  `date` varchar(10) DEFAULT NULL,
  `r_date` varchar(11) DEFAULT NULL
) ENGINE=InnoDB DEFAULT CHARSET=latin1;

--
-- Dumping data for table `2017_2021_5_sem`
--

INSERT INTO `2017_2021_5_sem` (`URN`, `NAME`, `SPI`, `CPI`, `322551_22`, `SUB_1_Atmp`, `333552_33`, `SUB_2_Atmp`, `333554_33`, `SUB_3_Atmp`, `333553_33`, `SUB_4_Atmp`, `333555_33`, `SUB_5_Atmp`, `333556_33`, `SUB_6_Atmp`, `TOTAL`, `BACK_APP_COUNT`, `STATUS`, `date`, `r_date`) VALUES
(300103317001, 'AARTI SAHU', '', '0.0000', '28', 0, '43', 0, '51', 0, '42', 0, '29', 0, '47', 0, 704, 0, 'PASS', 'date', 'result date'),
(300103317002, 'ABHISHEK BAGARTI', '', '0.0000', '55', 0, '62', 0, '72', 0, '61', 0, '56', 0, '68', 0, 823, 0, 'PASS', '', ''),
(300103317003, 'AISHWARYA NAIK', '', '0.0000', '49', 0, '56', 0, '58', 0, '68', 0, '58', 0, '55', 0, 778, 0, 'PASS', '', ''),
(300103317004, 'AKASH KUMAR MISHRA', '', '0.0000', '44', 0, '51', 0, '53', 0, '47', 0, '31', 0, '42', 0, 675, 0, 'PASS', '', ''),
(300103317005, 'AKHILESH KUMAR SONWANI', 'FAIL', '0.0000', '15', 0, '0', 0, '13', 0, '32', 0, '5', 0, '8', 0, 407, 0, 'FAIL', '', ''),
(300103317006, 'AKRITI NIGAM', '', '0.0000', '34', 0, '51', 0, '50', 0, '45', 0, '51', 0, '60', 0, 725, 0, 'PASS', '', ''),
(300103317007, 'AMIT KUMAR', 'FAIL', '0.0000', '6', 0, '51', 0, '35', 0, '44', 0, '23', 0, '10', 0, 376, 0, 'FAIL', '', ''),
(300103317008, 'ANJALI SAGAR JANGDE', '', '0.0000', '50', 0, '57', 0, '52', 0, '54', 0, '40', 0, '45', 0, 778, 0, 'PASS', '', ''),
(300103317009, 'ANKITA GUPTA', '', '0.0000', '45', 0, '46', 0, '48', 0, '64', 0, '49', 0, '55', 0, 793, 0, 'PASS', '', ''),
(300103317010, 'ANURAG SHARMA', '', '0.0000', '33', 0, '43', 0, '45', 0, '52', 0, '50', 0, '54', 0, 712, 0, 'PASS', '', ''),
(300103317011, 'ASHUTOSH AGRAWAL', '', '0.0000', '50', 0, '59', 0, '46', 0, '61', 0, '55', 0, '51', 0, 627, 0, 'PASS', '', ''),
(300103317012, 'ATINDER PAL SINGH', '', '0.0000', '28', 0, '62', 0, '55', 0, '60', 0, '46', 0, '54', 0, 743, 0, 'PASS', '', ''),
(300103317013, 'AYUSHI GUPTA', '', '0.0000', '46', 0, '55', 0, '57', 0, '63', 0, '43', 0, '51', 0, 818, 0, 'PASS', '', ''),
(300103317014, 'AZMAL MALIK', 'FAIL', '0.0000', '28', 0, '28', 0, '21', 0, '28', 0, '21', 0, '29', 0, 468, 0, 'FAIL', '', ''),
(300103317016, 'DEEXA MESHRAM', 'FAIL', '0.0000', '5', 0, '57', 0, '44', 0, '40', 0, '44', 0, '41', 0, 665, 0, 'FAIL', '', ''),
(300103317017, 'GAJENDRA RAMTEKE', 'FAIL', '0.0000', 'Abs', 0, 'Abs', 0, 'Abs', 0, 'Abs', 0, 'Abs', 0, 'Abs', 0, 186, 0, 'PASS', '', ''),
(300103317018, 'GARGI SAHU', '', '0.0000', '41', 0, '42', 0, '47', 0, '46', 0, '42', 0, '41', 0, 697, 0, 'PASS', '', ''),
(300103317019, 'GARIMA JOSHI', '', '0.0000', '55', 0, '32', 0, '55', 0, '63', 0, '46', 0, '38', 0, 752, 0, 'PASS', '', ''),
(300103317020, 'GUNJAN KUMAR', '', '0.0000', '56', 0, '48', 0, '41', 0, '58', 0, '36', 0, '31', 0, 560, 0, 'PASS', '', ''),
(300103317021, 'HARSH SONWANI', '', '0.0000', '54', 0, '59', 0, '54', 0, '60', 0, '38', 0, '77', 0, 852, 0, 'PASS', '', ''),
(300103317022, 'ISHANT RAJ KASHYAP', '', '0.0000', '32', 0, '44', 0, '28', 0, '39', 0, '35', 0, '28', 0, 632, 0, 'PASS', '', ''),
(300103317023, 'KALPANA BANJARE', 'FAIL', '0.0000', '28', 0, '15', 0, '29', 0, '43', 0, '40', 0, '13', 0, 601, 0, 'FAIL', '', ''),
(300103317024, 'KRISHNA KANT', '', '0.0000', '58', 0, '65', 0, '50', 0, '56', 0, '40', 0, '39', 0, 769, 0, 'PASS', '', ''),
(300103317025, 'KRITI A. AJWANI', '', '0.0000', '28', 0, '31', 0, '44', 0, '57', 0, '28', 0, '23', 0, 631, 0, 'FAIL', '', ''),
(300103317026, 'KUNICA GUPTA', '', '0.0000', '51', 0, '61', 0, '58', 0, '40', 0, '56', 0, '73', 0, 882, 0, 'PASS', '', ''),
(300103317027, 'MAHENDRA PATEL', '', '0.0000', '30', 0, '52', 0, '30', 0, '58', 0, '28', 0, '28', 0, 666, 0, 'PASS', '', ''),
(300103317028, 'MANISH LAUTRE', 'FAIL', '0.0000', '23', 0, '43', 0, '35', 0, '45', 0, '21', 0, '17', 0, 496, 0, 'FAIL', '', ''),
(300103317029, 'MANSI MUNDHRA', '', '0.0000', '53', 0, '45', 0, '45', 0, '54', 0, '36', 0, '43', 0, 736, 0, 'PASS', '', ''),
(300103317031, 'MILI PANDEY', '', '0.0000', '45', 0, '41', 0, '53', 0, '48', 0, '29', 0, '32', 0, 703, 0, 'PASS', '', ''),
(300103317032, 'MUSKAN VERMA', '', '0.0000', '42', 0, '42', 0, '42', 0, '51', 0, '33', 0, '51', 0, 717, 0, 'PASS', '', ''),
(300103317033, 'NAILA NAUSIN', '', '0.0000', '51', 0, '63', 0, '62', 0, '64', 0, '57', 0, '41', 0, 766, 0, 'PASS', '', ''),
(300103317034, 'NAYAN RAUT', 'FAIL', '0.0000', '28', 0, '16', 0, '28', 0, '36', 0, '19', 0, '28', 0, 534, 0, 'FAIL', '', ''),
(300103317036, 'NIHAL KUMAR', '', '0.0000', '49', 0, '61', 0, '53', 0, '29', 0, '31', 0, '29', 0, 699, 0, 'PASS', '', ''),
(300103317038, 'OMPRAKASH NAYAK', '', '0.0000', '49', 0, '51', 0, '50', 0, '63', 0, '35', 0, '46', 0, 747, 0, 'PASS', '', ''),
(300103317039, 'PANKAJ MANIKPURI', '', '0.0000', '35', 0, '39', 0, '37', 0, '46', 0, '48', 0, '33', 0, 724, 0, 'PASS', '', ''),
(300103317040, 'POOJA SINGH', '', '0.0000', '49', 0, '53', 0, '64', 0, '66', 0, '43', 0, '76', 0, 808, 0, 'PASS', '', ''),
(300103317041, 'POOJA VERMA', '', '0.0000', '56', 0, '57', 0, '42', 0, '44', 0, '35', 0, '34', 0, 698, 0, 'PASS', '', ''),
(300103317042, 'PREETI BAGHEL', '', '0.0000', '53', 0, '33', 0, '44', 0, '69', 0, '40', 0, '36', 0, 722, 0, 'PASS', '', ''),
(300103317043, 'PRIYA PRAKASH', '', '0.0000', '30', 0, '51', 0, '41', 0, '57', 0, '42', 0, '31', 0, 698, 0, 'PASS', '', ''),
(300103317044, 'RAHUL SINHA', '', '0.0000', '29', 0, '37', 0, '30', 0, '35', 0, '30', 0, '40', 0, 667, 0, 'PASS', '', ''),
(300103317046, 'RITESH VERMA', 'FAIL', '0.0000', '28', 0, '28', 0, '48', 0, '64', 0, '22', 0, '28', 0, 626, 0, 'FAIL', '', ''),
(300103317047, 'RITIKA TOLANI', '', '0.0000', '42', 0, '43', 0, '40', 0, '63', 0, '55', 0, '60', 0, 804, 0, 'PASS', '', ''),
(300103317048, 'RIYA PATHAK', '', '0.0000', '37', 0, '34', 0, '40', 0, '50', 0, '40', 0, '30', 0, 682, 0, 'PASS', '', ''),
(300103317049, 'ROSHINI AGRAWAL', 'FAIL', '0.0000', '18', 0, 'Abs', 0, 'Abs', 0, 'Abs', 0, 'Abs', 0, 'Abs', 0, 333, 0, 'FAIL', '', ''),
(300103317050, 'RUCHIKA SHARMA', '', '0.0000', '45', 0, '62', 0, '55', 0, '55', 0, '40', 0, '77', 0, 760, 0, 'PASS', '', ''),
(300103317051, 'SANDESH AGRAWAL', '', '0.0000', '45', 0, '28', 0, '45', 0, '39', 0, '36', 0, '52', 0, 671, 0, 'PASS', '', ''),
(300103317052, 'SAYAN BAGCHI', '', '0.0000', '49', 0, '35', 0, '61', 0, '58', 0, '35', 0, '42', 0, 756, 0, 'PASS', '', ''),
(300103317054, 'SHUBHAM YADAV', '', '0.0000', '56', 0, '59', 0, '55', 0, '51', 0, '51', 0, '57', 0, 840, 0, 'PASS', '', ''),
(300103317055, 'SIMRAN KHIRBAT', '', '0.0000', '45', 0, '51', 0, '56', 0, '43', 0, '41', 0, '58', 0, 782, 0, 'PASS', '', ''),
(300103317056, 'SOHAIL MEMON', 'FAIL', '0.0000', '20', 0, 'aBS', 0, '42', 0, '39', 0, '48', 0, '30', 0, 582, 0, 'FAIL', '', ''),
(300103317057, 'SRIJAN SHARMA', '', '0.0000', '33', 0, '54', 0, '29', 0, '66', 0, '37', 0, '46', 0, 646, 0, 'PASS', '', ''),
(300103317060, 'VIBHUTI TIKARIHA', '', '0.0000', '40', 0, '52', 0, '56', 0, '66', 0, '52', 0, '57', 0, 697, 0, 'PASS', '', ''),
(300103317062, 'DHARINEE CHANDRAKAR', '', '0.0000', '65', 0, '68', 0, '59', 0, '56', 0, '66', 0, '41', 0, 856, 0, 'PASS', '', ''),
(300103317063, 'S SALMAN', '', '0.0000', '58', 0, '59', 0, '57', 0, '66', 0, '43', 0, '39', 0, 826, 0, 'PASS', '', ''),
(300103317064, 'SRIJAN KARMAHE', '', '0.0000', '49', 0, '58', 0, '64', 0, '52', 0, '39', 0, '67', 0, 832, 0, 'PASS', '', ''),
(300103317065, 'SWATI VERMA', '', '0.0000', '51', 0, '57', 0, '57', 0, '52', 0, '43', 0, '55', 0, 782, 0, 'PASS', '', ''),
(300103317066, 'BUDI AYUSH NARAYANMURTY', 'FAIL', '0.0000', '23', 0, '36', 0, '51', 0, '57', 0, '50', 0, '17', 0, 571, 0, 'FAIL', '', '');

-- --------------------------------------------------------

--
-- Table structure for table `2017_2021_5_sub`
--

CREATE TABLE `2017_2021_5_sub` (
  `Sub_code` varchar(9) DEFAULT NULL,
  `Subject` varchar(9) DEFAULT NULL,
  `FSN` varchar(50) DEFAULT NULL,
  `Teachers` varchar(30) DEFAULT NULL
) ENGINE=InnoDB DEFAULT CHARSET=latin1;

--
-- Dumping data for table `2017_2021_5_sub`
--

INSERT INTO `2017_2021_5_sub` (`Sub_code`, `Subject`, `FSN`, `Teachers`) VALUES
('322551_22', 'MP', 'Microprocessor & Interfaces', 'Mrs. K Shubhashini Spurjeon'),
('333552_33', 'PCS', 'Principles of Communication System', 'Mr. Rajiv Pathak'),
('333554_33', 'OS', 'Operating System', 'Mrs. Babita Verma'),
('333553_33', 'DBMS', 'Database Management System', 'Mr. Raj Kumar'),
('333555_33', 'JAVA', 'Introduction To Java', 'Mr. Sarang Pitale'),
('333556_33', 'TOC', 'Theory of Computation', 'Dr. Ani Thomas');

-- --------------------------------------------------------

--
-- Table structure for table `2017_2021_6_sem`
--

CREATE TABLE `2017_2021_6_sem` (
  `URN` bigint(10) DEFAULT NULL,
  `NAME` varchar(50) DEFAULT NULL,
  `SPI` varchar(5) DEFAULT NULL,
  `CPI` decimal(5,4) DEFAULT NULL,
  `333651_33` varchar(3) DEFAULT NULL,
  `SUB_1_Atmp` int(2) DEFAULT NULL,
  `333652_33` varchar(3) DEFAULT NULL,
  `SUB_2_Atmp` int(2) DEFAULT NULL,
  `333653_33` varchar(3) DEFAULT NULL,
  `SUB_3_Atmp` int(2) DEFAULT NULL,
  `333654_33` varchar(3) DEFAULT NULL,
  `SUB_4_Atmp` int(2) DEFAULT NULL,
  `333655_33` varchar(3) DEFAULT NULL,
  `SUB_5_Atmp` int(2) DEFAULT NULL,
  `333656_33` varchar(3) DEFAULT NULL,
  `SUB_6_Atmp` int(2) DEFAULT NULL,
  `TOTAL` int(3) DEFAULT NULL,
  `BACK_APP_COUNT` int(2) DEFAULT NULL,
  `STATUS` varchar(4) DEFAULT NULL,
  `date` varchar(10) DEFAULT NULL,
  `r_date` varchar(11) DEFAULT NULL
) ENGINE=InnoDB DEFAULT CHARSET=latin1;

--
-- Dumping data for table `2017_2021_6_sem`
--

INSERT INTO `2017_2021_6_sem` (`URN`, `NAME`, `SPI`, `CPI`, `333651_33`, `SUB_1_Atmp`, `333652_33`, `SUB_2_Atmp`, `333653_33`, `SUB_3_Atmp`, `333654_33`, `SUB_4_Atmp`, `333655_33`, `SUB_5_Atmp`, `333656_33`, `SUB_6_Atmp`, `TOTAL`, `BACK_APP_COUNT`, `STATUS`, `date`, `r_date`) VALUES
(300103316021, 'NEELESH CHURENDRA', '7.97', '0.0000', '47', 0, '48', 0, '47', 0, '48', 0, '48', 0, '39', 0, 687, 0, 'PASS', 'date', 'result date'),
(300103317001, 'AARTI SAHU', '8.82', '7.9900', '62', 0, '57', 0, '57', 0, '53', 0, '53', 0, '53', 0, 794, 0, 'PASS', '', ''),
(300103317002, 'ABHISHEK BAGARTI', '9.47', '8.6800', '65', 0, '63', 0, '59', 0, '59', 0, '60', 0, '56', 0, 862, 0, 'PASS', '', ''),
(300103317003, 'AISHWARYA NAIK', '9.76', '8.9100', '65', 0, '64', 0, '61', 0, '63', 0, '62', 0, '58', 0, 873, 0, 'PASS', '', ''),
(300103317004, 'AKASH KUMAR MISHRA', '9.06', '7.9800', '59', 0, '60', 0, '57', 0, '56', 0, '56', 0, '50', 0, 808, 0, 'PASS', '', ''),
(300103317005, 'AKHILESH KUMAR SONWANI', '8.18', '6.9600', '52', 0, '51', 0, '52', 0, '51', 0, '51', 0, '44', 0, 722, 0, 'PASS', '', ''),
(300103317006, 'AKRITI NIGAM', '8.71', '7.7800', '60', 0, '55', 0, '55', 0, '52', 0, '56', 0, '49', 0, 779, 0, 'PASS', '', ''),
(300103317007, 'AMIT KUMAR', '8.02', '0.0000', '54', 0, '51', 0, '49', 0, '49', 0, '49', 0, '45', 0, 719, 0, 'PASS', '', ''),
(300103317008, 'ANJALI SAGAR JANGDE', '9.21', '8.1900', '62', 0, '57', 0, '56', 0, '56', 0, '57', 0, '53', 0, 816, 0, 'PASS', '', ''),
(300103317009, 'ANKITA GUPTA', '9.41', '8.7800', '65', 0, '59', 0, '60', 0, '59', 0, '60', 0, '55', 0, 855, 0, 'PASS', '', ''),
(300103317010, 'ANURAG SHARMA', '9.29', '8.4600', '62', 0, '60', 0, '60', 0, '59', 0, '60', 0, '51', 0, 854, 0, 'PASS', '', ''),
(300103317011, 'ASHUTOSH AGRAWAL', '8.59', '7.1400', '57', 0, '56', 0, '52', 0, '52', 0, '52', 0, '47', 0, 751, 0, 'PASS', '', ''),
(300103317012, 'ATINDER PAL SINGH', '9.41', '8.2800', '62', 0, '54', 0, '57', 0, '58', 0, '57', 0, '52', 0, 847, 0, 'PASS', '', ''),
(300103317013, 'AYUSHI GUPTA', '9.53', '9.0200', '63', 0, '61', 0, '62', 0, '61', 0, '61', 0, '59', 0, 869, 0, 'PASS', '', ''),
(300103317016, 'DEEXA MESHRAM', '8.82', '7.5700', '58', 0, '53', 0, '54', 0, '49', 0, '55', 0, '49', 0, 787, 0, 'PASS', '', ''),
(300103317018, 'GARGI SAHU', '8.5', '7.9800', '52', 0, '56', 0, '53', 0, '54', 0, '55', 0, '52', 0, 758, 0, 'PASS', '', ''),
(300103317019, 'GARIMA JOSHI', '8.32', '7.8000', '53', 0, '52', 0, '55', 0, '51', 0, '50', 0, '47', 0, 744, 0, 'PASS', '', ''),
(300103317020, 'GUNJAN KUMAR', '8.15', '6.7900', '53', 0, '50', 0, '50', 0, '46', 0, '51', 0, '43', 0, 724, 0, 'PASS', '', ''),
(300103317021, 'HARSH SONWANI', '9.38', '8.9900', '65', 0, '61', 0, '62', 0, '61', 0, '58', 0, '57', 0, 855, 0, 'PASS', '', ''),
(300103317022, 'ISHANT RAJ KASHYAP', '7.85', '6.8600', '49', 0, '51', 0, '51', 0, '43', 0, '50', 0, '42', 0, 713, 0, 'PASS', '', ''),
(300103317023, 'KALPANA BANJARE', '8.62', '7.6400', '55', 0, '50', 0, '52', 0, '55', 0, '51', 0, '49', 0, 765, 0, 'PASS', '', ''),
(300103317024, 'KRISHNA KANT', '9.38', '8.3400', '62', 0, '55', 0, '58', 0, '57', 0, '56', 0, '52', 0, 832, 0, 'PASS', '', ''),
(300103317025, 'KRITI A. AJWANI', '9.12', '8.1800', '60', 0, '58', 0, '57', 0, '55', 0, '57', 0, '52', 0, 832, 0, 'PASS', '', ''),
(300103317026, 'KUNICA GUPTA', '9.88', '9.4900', '69', 0, '67', 0, '64', 0, '63', 0, '64', 0, '61', 0, 900, 0, 'PASS', '', ''),
(300103317027, 'MAHENDRA PATEL', '9', '7.9300', '59', 0, '56', 0, '54', 0, '50', 0, '53', 0, '51', 0, 796, 0, 'PASS', '', ''),
(300103317029, 'MANSI MUNDHRA', '9.24', '8.2100', '59', 0, '52', 0, '61', 0, '57', 0, '58', 0, '53', 0, 834, 0, 'PASS', '', ''),
(300103317031, 'MILI PANDEY', '9.15', '8.3100', '57', 0, '57', 0, '60', 0, '55', 0, '58', 0, '52', 0, 821, 0, 'PASS', '', ''),
(300103317032, 'MUSKAN VERMA', '9.24', '8.2800', '62', 0, '59', 0, '59', 0, '57', 0, '58', 0, '56', 0, 847, 0, 'PASS', '', ''),
(300103317033, 'NAILA NAUSIN', '9.18', '8.2800', '55', 0, '57', 0, '59', 0, '57', 0, '57', 0, '54', 0, 834, 0, 'PASS', '', ''),
(300103317034, 'NAYAN RAUT', '7.97', '6.9500', '51', 0, '45', 0, '48', 0, '41', 0, '49', 0, '44', 0, 704, 0, 'PASS', '', ''),
(300103317036, 'NIHAL KUMAR', '8.74', '8.2800', '57', 0, '58', 0, '61', 0, '53', 0, '54', 0, '55', 0, 785, 0, 'PASS', '', ''),
(300103317038, 'OMPRAKASH NAYAK', '9.35', '8.8300', '64', 0, '62', 0, '61', 0, '59', 0, '60', 0, '59', 0, 849, 0, 'PASS', '', ''),
(300103317039, 'PANKAJ MANIKPURI', '9.26', '8.3600', '59', 0, '58', 0, '54', 0, '58', 0, '54', 0, '53', 0, 840, 0, 'PASS', '', ''),
(300103317040, 'POOJA SINGH', '9.41', '8.7000', '65', 0, '59', 0, '61', 0, '55', 0, '59', 0, '57', 0, 863, 0, 'PASS', '', ''),
(300103317041, 'POOJA VERMA', '9.26', '7.8900', '56', 0, '52', 0, '56', 0, '55', 0, '55', 0, '53', 0, 833, 0, 'PASS', '', ''),
(300103317042, 'PREETI BAGHEL', '8.79', '7.9200', '57', 0, '47', 0, '48', 0, '55', 0, '45', 0, '45', 0, 798, 0, 'PASS', '', ''),
(300103317043, 'PRIYA PRAKASH', '8.5', '7.7300', '61', 0, '53', 0, '54', 0, '52', 0, '54', 0, '54', 0, 759, 0, 'PASS', '', ''),
(300103317044, 'RAHUL SINHA', '9.24', '7.9400', '56', 0, '55', 0, '56', 0, '55', 0, '54', 0, '55', 0, 831, 0, 'PASS', '', ''),
(300103317046, 'RITESH VERMA', '8.5', '7.4000', '54', 0, '53', 0, '58', 0, '50', 0, '48', 0, '53', 0, 762, 0, 'PASS', '', ''),
(300103317047, 'RITIKA TOLANI', '9.24', '8.7500', '59', 0, '57', 0, '61', 0, '59', 0, '60', 0, '59', 0, 864, 0, 'PASS', '', ''),
(300103317048, 'RIYA PATHAK', '9.03', '8.1200', '56', 0, '53', 0, '56', 0, '52', 0, '57', 0, '51', 0, 812, 0, 'PASS', '', ''),
(300103317050, 'RUCHIKA SHARMA', '9.47', '8.9100', '62', 0, '60', 0, '63', 0, '62', 0, '62', 0, '61', 0, 851, 0, 'PASS', '', ''),
(300103317051, 'SANDESH AGRAWAL', '8.03', '6.9100', '47', 0, '46', 0, '51', 0, '44', 0, '47', 0, '45', 0, 796, 0, 'PASS', '', ''),
(300103317052, 'SAYAN BAGCHI', '9.24', '8.7700', '57', 0, '58', 0, '60', 0, '60', 0, '61', 0, '58', 0, 852, 0, 'PASS', '', ''),
(300103317054, 'SHUBHAM YADAV', '9.74', '9.2300', '60', 0, '60', 0, '65', 0, '63', 0, '63', 0, '62', 0, 886, 0, 'PASS', '', ''),
(300103317055, 'SIMRAN KHIRBAT', '9.44', '8.9900', '60', 0, '58', 0, '60', 0, '63', 0, '62', 0, '59', 0, 865, 0, 'PASS', '', ''),
(300103317056, 'SOHAIL MEMON', '8.21', '0.0000', '49', 0, '45', 0, '50', 0, '51', 0, '50', 0, '47', 0, 728, 0, 'PASS', '', ''),
(300103317057, 'SRIJAN SHARMA', '8.5', '8.0300', '53', 0, '50', 0, '54', 0, '55', 0, '54', 0, '53', 0, 759, 0, 'PASS', '', ''),
(300103317060, 'VIBHUTI TIKARIHA', '9.24', '8.0700', '59', 0, '55', 0, '59', 0, '58', 0, '57', 0, '59', 0, 839, 0, 'PASS', '', ''),
(300103317062, 'DHARINEE CHANDRAKAR', '9.76', '9.2300', '63', 0, '66', 0, '63', 0, '61', 0, '61', 0, '64', 0, 888, 0, 'PASS', '', ''),
(300103317063, 'S SALMAN', '9.74', '9.2300', '64', 0, '58', 0, '63', 0, '63', 0, '63', 0, '60', 0, 875, 0, 'PASS', '', ''),
(300103317064, 'SRIJAN KARMAHE', '9.24', '8.8300', '61', 0, '60', 0, '61', 0, '61', 0, '61', 0, '60', 0, 869, 0, 'PASS', '', ''),
(300103317065, 'SWATI VERMA', '9.24', '8.7800', '61', 0, '58', 0, '61', 0, '61', 0, '61', 0, '59', 0, 846, 0, 'PASS', '', ''),
(300103317066, 'BUDI AYUSH NARAYANMURTY', '8.41', '7.6300', '58', 0, '50', 0, '56', 0, '53', 0, '54', 0, '56', 0, 750, 0, 'PASS', '', '');

-- --------------------------------------------------------

--
-- Table structure for table `2017_2021_6_sub`
--

CREATE TABLE `2017_2021_6_sub` (
  `Sub_code` varchar(9) DEFAULT NULL,
  `Subject` varchar(9) DEFAULT NULL,
  `FSN` varchar(50) DEFAULT NULL,
  `Teachers` varchar(30) DEFAULT NULL
) ENGINE=InnoDB DEFAULT CHARSET=latin1;

--
-- Dumping data for table `2017_2021_6_sub`
--

INSERT INTO `2017_2021_6_sub` (`Sub_code`, `Subject`, `FSN`, `Teachers`) VALUES
('333651_33', 'WAD', 'Web Application Development', 'Mr. P.D. Mishra'),
('333652_33', 'ITC', 'Information Theory & Coding', 'Mrs. K Shubhashini Spurjeon'),
('333653_33', 'SEPM', 'Software Engineering & Project Management', 'Dr. Jyothi Pillai'),
('333654_33', 'UNIX', 'UNIX & Shell Programming', 'Mrs. Babita Verma'),
('333655_33', 'CG&A', 'Computer Graphics & Animation', 'Mr. Vikas Pandey'),
('333656_33', 'MVR', 'Multimedia & Virtual Reality', 'Mr. Sarang Pitale');

-- --------------------------------------------------------

--
-- Table structure for table `2017_2021_7_sem`
--

CREATE TABLE `2017_2021_7_sem` (
  `URN` bigint(12) DEFAULT NULL,
  `NAME` varchar(50) DEFAULT NULL,
  `SPI` varchar(5) DEFAULT NULL,
  `CPI` decimal(5,4) DEFAULT NULL,
  `322734_22` varchar(3) DEFAULT NULL,
  `SUB_1_Atmp` int(2) DEFAULT NULL,
  `322746_22` varchar(3) DEFAULT NULL,
  `SUB_2_Atmp` int(2) DEFAULT NULL,
  `333731_22` varchar(3) DEFAULT NULL,
  `SUB_3_Atmp` int(2) DEFAULT NULL,
  `333732_33` varchar(3) DEFAULT NULL,
  `SUB_4_Atmp` int(2) DEFAULT NULL,
  `333733_22` varchar(3) DEFAULT NULL,
  `SUB_5_Atmp` int(2) DEFAULT NULL,
  `TOTAL` int(3) DEFAULT NULL,
  `BACK_APP_COUNT` int(2) DEFAULT NULL,
  `STATUS` varchar(4) DEFAULT NULL,
  `date` varchar(10) DEFAULT NULL,
  `r_date` varchar(11) DEFAULT NULL
) ENGINE=InnoDB DEFAULT CHARSET=latin1;

--
-- Dumping data for table `2017_2021_7_sem`
--

INSERT INTO `2017_2021_7_sem` (`URN`, `NAME`, `SPI`, `CPI`, `322734_22`, `SUB_1_Atmp`, `322746_22`, `SUB_2_Atmp`, `333731_22`, `SUB_3_Atmp`, `333732_33`, `SUB_4_Atmp`, `333733_22`, `SUB_5_Atmp`, `TOTAL`, `BACK_APP_COUNT`, `STATUS`, `date`, `r_date`) VALUES
(300103316021, 'NEELESH CHURENDRA', '6.65', '0.0000', '42', 0, '42', 0, '38', 0, '40', 0, '35', 0, 620, 0, 'PASS', 'date', 'result date'),
(300103317001, 'AARTI SAHU', '9.03', '8.1500', '56', 0, '51', 0, '53', 0, '51', 0, '52', 0, 812, 0, 'PASS', '', ''),
(300103317002, 'ABHISHEK BAGARTI', '9.13', '8.7500', '56', 0, '52', 0, '54', 0, '52', 0, '55', 0, 828, 0, 'PASS', '', ''),
(300103317003, 'AISHWARYA NAIK', '8.87', '8.9100', '54', 0, '54', 0, '50', 0, '53', 0, '49', 0, 799, 0, 'PASS', '', ''),
(300103317004, 'AKASH KUMAR MISHRA', '8.13', '8.0000', '53', 0, '48', 0, '50', 0, '46', 0, '52', 0, 750, 0, 'PASS', '', ''),
(300103317005, 'AKHILESH KUMAR SONWANI', '8.06', '7.1300', '50', 0, '50', 0, '48', 0, '49', 0, '43', 0, 737, 0, 'PASS', '', ''),
(300103317006, 'AKRITI NIGAM', '9.13', '7.9900', '52', 0, '51', 0, '51', 0, '50', 0, '51', 0, 817, 0, 'PASS', '', ''),
(300103317007, 'AMIT KUMAR', 'ABS', '0.0000', '41', 1, '32', 1, '34', 1, '45', 1, '56', 1, 637, 1, 'PASS', '', ''),
(300103317008, 'ANJALI SAGAR JANGDE', '8.97', '8.3100', '51', 0, '52', 0, '54', 0, '51', 0, '56', 0, 813, 0, 'PASS', '', ''),
(300103317009, 'ANKITA GUPTA', '8.94', '8.8100', '56', 0, '55', 0, '58', 0, '50', 0, '53', 0, 802, 0, 'PASS', '', ''),
(300103317010, 'ANURAG SHARMA', '9.23', '8.5800', '55', 0, '53', 0, '55', 0, '53', 0, '50', 0, 819, 0, 'PASS', '', ''),
(300103317011, 'ASHUTOSH AGRAWAL', '8.35', '7.3300', '49', 0, '50', 0, '52', 0, '51', 0, '51', 0, 757, 0, 'PASS', '', ''),
(300103317012, 'ATINDER PAL SINGH', '8.58', '8.3300', '55', 0, '53', 0, '54', 0, '53', 0, '54', 0, 793, 0, 'PASS', '', ''),
(300103317013, 'AYUSHI GUPTA', '9.35', '9.0800', '58', 0, '52', 0, '51', 0, '56', 0, '57', 0, 842, 0, 'PASS', '', ''),
(300103317016, 'DEEXA MESHRAM', '7.81', '7.9100', '43', 0, '45', 0, '49', 0, '44', 0, '40', 0, 717, 0, 'PASS', '', ''),
(300103317018, 'GARGI SAHU', '8.61', '8.0800', '53', 0, '46', 0, '57', 0, '48', 0, '53', 0, 781, 0, 'PASS', '', ''),
(300103317019, 'GARIMA JOSHI', '9', '7.9800', '53', 0, '50', 0, '54', 0, '49', 0, '48', 0, 814, 0, 'PASS', '', ''),
(300103317020, 'GUNJAN KUMAR', '8.23', '7.0200', '49', 0, '50', 0, '52', 0, '46', 0, '50', 0, 755, 0, 'PASS', '', ''),
(300103317021, 'HARSH SONWANI', '9.35', '9.0500', '54', 0, '53', 0, '50', 0, '51', 0, '58', 0, 844, 0, 'PASS', '', ''),
(300103317022, 'ISHANT RAJ KASHYAP', '8.48', '7.1200', '48', 0, '47', 0, '52', 0, '45', 0, '47', 0, 782, 0, 'PASS', '', ''),
(300103317023, 'KALPANA BANJARE', '8.87', '7.8300', '49', 0, '52', 0, '54', 0, '48', 0, '50', 0, 797, 0, 'PASS', '', ''),
(300103317024, 'KRISHNA KANT', '8.6', '8.3900', '50', 0, '51', 0, '55', 0, '52', 0, '49', 0, 802, 0, 'PASS', '', ''),
(300103317025, 'KRITI A. AJWANI', '8.9', '8.2900', '50', 0, '48', 0, '55', 0, '51', 0, '55', 0, 824, 0, 'PASS', '', ''),
(300103317026, 'KUNICA GUPTA', '9.35', '9.4600', '58', 0, '52', 0, '55', 0, '58', 0, '55', 0, 864, 0, 'PASS', '', ''),
(300103317027, 'MAHENDRA PATEL', '8.77', '8.0600', '50', 0, '53', 0, '43', 0, '45', 0, '49', 0, 803, 0, 'PASS', '', ''),
(300103317028, 'MANISH LAUTRE', 'ABS', '0.0000', 'ABS', 0, 'ABS', 0, 'ABS', 0, 'ABS', 0, 'ABS', 0, 0, 0, 'FAIL', '', ''),
(300103317029, 'MANSI MUNDHRA', '8.94', '8.3300', '52', 0, '56', 0, '54', 0, '46', 0, '50', 0, 815, 0, 'PASS', '', ''),
(300103317031, 'MILI PANDEY', '9.35', '8.4700', '55', 0, '53', 0, '58', 0, '53', 0, '57', 0, 840, 0, 'PASS', '', ''),
(300103317032, 'MUSKAN VERMA', '8.94', '8.3800', '54', 0, '51', 0, '49', 0, '55', 0, '54', 0, 820, 0, 'PASS', '', ''),
(300103317033, 'NAILA NAUSIN', '8.87', '8.3700', '52', 0, '53', 0, '55', 0, '52', 0, '53', 0, 805, 0, 'PASS', '', ''),
(300103317034, 'NAYAN RAUT', '8.16', '7.1400', '49', 0, '46', 0, '44', 0, '48', 0, '46', 0, 729, 0, 'PASS', '', ''),
(300103317036, 'NIHAL KUMAR', '8.29', '8.2900', '53', 0, '51', 0, '57', 0, '50', 0, '56', 0, 765, 0, 'PASS', '', ''),
(300103317038, 'OMPRAKASH NAYAK', '8.42', '8.7700', '55', 0, '48', 0, '50', 0, '52', 0, '58', 0, 764, 0, 'PASS', '', ''),
(300103317039, 'PANKAJ MANIKPURI', '8.52', '8.3800', '50', 0, '51', 0, '52', 0, '50', 0, '50', 0, 769, 0, 'PASS', '', ''),
(300103317040, 'POOJA SINGH', '9.16', '8.7800', '52', 0, '50', 0, '54', 0, '54', 0, '54', 0, 828, 0, 'PASS', '', ''),
(300103317041, 'POOJA VERMA', '8.84', '8.0400', '55', 0, '42', 0, '40', 0, '41', 0, '41', 0, 786, 0, 'PASS', '', ''),
(300103317042, 'PREETI BAGHEL', '8.68', '8.0400', '48', 0, '53', 0, '48', 0, '52', 0, '47', 0, 806, 0, 'PASS', '', ''),
(300103317043, 'PRIYA PRAKASH', '8.81', '7.9000', '52', 0, '52', 0, '54', 0, '47', 0, '45', 0, 791, 0, 'PASS', '', ''),
(300103317044, 'RAHUL SINHA', '9.23', '8.1400', '52', 0, '55', 0, '50', 0, '53', 0, '53', 0, 827, 0, 'PASS', '', ''),
(300103317046, 'RITESH VERMA', '8.39', '7.5600', '48', 0, '53', 0, '51', 0, '48', 0, '49', 0, 771, 0, 'PASS', '', ''),
(300103317047, 'RITIKA TOLANI', '9.35', '8.8400', '53', 0, '51', 0, '52', 0, '52', 0, '57', 0, 847, 0, 'PASS', '', ''),
(300103317048, 'RIYA PATHAK', '9.13', '8.2800', '56', 0, '51', 0, '52', 0, '49', 0, '50', 0, 823, 0, 'PASS', '', ''),
(300103317049, 'ROSHINI AGRAWAL', 'ABS', '0.0000', 'ABS', 0, 'ABS', 0, 'ABS', 0, 'ABS', 0, 'ABS', 0, 0, 0, 'FAIL', '', ''),
(300103317050, 'RUCHIKA SHARMA', '8.61', '8.8600', '52', 0, '55', 0, '54', 0, '50', 0, '48', 0, 777, 0, 'PASS', '', ''),
(300103317051, 'SANDESH AGRAWAL', '8.23', '7.1100', '46', 0, '47', 0, '46', 0, '45', 0, '47', 0, 733, 0, 'PASS', '', ''),
(300103317052, 'SAYAN BAGCHI', '8.84', '8.7800', '54', 0, '53', 0, '50', 0, '53', 0, '54', 0, 802, 0, 'PASS', '', ''),
(300103317054, 'SHUBHAM YADAV', '9.35', '9.2500', '56', 0, '56', 0, '55', 0, '55', 0, '60', 0, 855, 0, 'PASS', '', ''),
(300103317055, 'SIMRAN KHIRBAT', '8.81', '8.9600', '55', 0, '54', 0, '60', 0, '52', 0, '57', 0, 817, 0, 'PASS', '', ''),
(300103317056, 'SOHAIL MEMON', '8.06', '0.0000', '48', 0, '41', 0, '49', 0, '43', 0, '45', 0, 730, 0, 'PASS', '', ''),
(300103317057, 'SRIJAN SHARMA', '8.39', '8.0800', '53', 0, '46', 0, '53', 0, '50', 0, '55', 0, 766, 0, 'PASS', '', ''),
(300103317060, 'VIBHUTI TIKARIHA', '9.1', '8.2300', '53', 0, '53', 0, '53', 0, '51', 0, '53', 0, 824, 0, 'PASS', '', ''),
(300103317062, 'DHARINEE CHANDRAKAR', '9.35', '9.2500', '53', 0, '57', 0, '58', 0, '55', 0, '58', 0, 863, 0, 'PASS', '', ''),
(300103317063, 'S SALMAN', '9.45', '9.2600', '55', 0, '56', 0, '62', 0, '54', 0, '52', 0, 851, 0, 'PASS', '', ''),
(300103317064, 'SRIJAN KARMAHE', '9.23', '8.8900', '50', 0, '53', 0, '61', 0, '55', 0, '59', 0, 848, 0, 'PASS', '', ''),
(300103317065, 'SWATI VERMA', '9.06', '8.8300', '55', 0, '49', 0, '55', 0, '55', 0, '58', 0, 816, 0, 'PASS', '', ''),
(300103317066, 'BUDI AYUSH NARAYANMURTY', '8.16', '7.7100', '49', 0, '56', 0, '48', 0, '44', 0, '53', 0, 751, 0, 'PASS', '', '');

-- --------------------------------------------------------

--
-- Table structure for table `2017_2021_7_sub`
--

CREATE TABLE `2017_2021_7_sub` (
  `Sub_code` varchar(9) DEFAULT NULL,
  `Subject` varchar(9) DEFAULT NULL,
  `FSN` varchar(50) DEFAULT NULL,
  `Teachers` varchar(30) DEFAULT NULL
) ENGINE=InnoDB DEFAULT CHARSET=latin1;

--
-- Dumping data for table `2017_2021_7_sub`
--

INSERT INTO `2017_2021_7_sub` (`Sub_code`, `Subject`, `FSN`, `Teachers`) VALUES
('322734_22', 'CNS', 'Cryptography & Network Security', 'Mr. Amerandra Singh'),
('322746_22', 'CC', 'Cloud Computing', 'Mr. P.D. Mishra'),
('333731_22', 'DM&W', 'Data Mining & Warehousing', 'Dr. Jyothi Pillai'),
('333732_33', 'MIS', 'Management Information System & IT', 'Mr. Toshant Kumar'),
('333733_22', 'AI&ES', 'Artificial Intelligence & Expert Systems', 'Mr. Vikas Pandey');

-- --------------------------------------------------------

--
-- Table structure for table `2017_2021_8_sem`
--

CREATE TABLE `2017_2021_8_sem` (
  `URN` bigint(12) DEFAULT NULL,
  `NAME` varchar(50) DEFAULT NULL,
  `SPI` varchar(5) DEFAULT NULL,
  `CPI` decimal(5,4) DEFAULT NULL,
  `300858_76` varchar(3) DEFAULT NULL,
  `SUB_1_Atmp` int(2) DEFAULT NULL,
  `322833_22` varchar(3) DEFAULT NULL,
  `SUB_2_Atmp` int(2) DEFAULT NULL,
  `322843_22` varchar(3) DEFAULT NULL,
  `SUB_3_Atmp` int(2) DEFAULT NULL,
  `333831_33` varchar(3) DEFAULT NULL,
  `SUB_4_Atmp` int(2) DEFAULT NULL,
  `333832_33` varchar(3) DEFAULT NULL,
  `SUB_5_Atmp` int(2) DEFAULT NULL,
  `TOTAL` int(3) DEFAULT NULL,
  `BACK_APP_COUNT` int(2) DEFAULT NULL,
  `STATUS` varchar(4) DEFAULT NULL,
  `date` varchar(10) DEFAULT NULL,
  `r_date` varchar(11) DEFAULT NULL
) ENGINE=InnoDB DEFAULT CHARSET=latin1;

--
-- Dumping data for table `2017_2021_8_sem`
--

INSERT INTO `2017_2021_8_sem` (`URN`, `NAME`, `SPI`, `CPI`, `300858_76`, `SUB_1_Atmp`, `322833_22`, `SUB_2_Atmp`, `322843_22`, `SUB_3_Atmp`, `333831_33`, `SUB_4_Atmp`, `333832_33`, `SUB_5_Atmp`, `TOTAL`, `BACK_APP_COUNT`, `STATUS`, `date`, `r_date`) VALUES
(300103316021, 'NEELESH CHURENDRA', '8.15', '0.0000', '42', 0, '48', 0, '56', 0, '50', 0, '48', 0, 734, 0, 'PASS', 'date', 'result date'),
(300103317001, 'AARTI SAHU', '9.45', '8.3400', '61', 0, '59', 0, '59', 0, '59', 0, '62', 0, 880, 0, 'PASS', '', ''),
(300103317002, 'ABHISHEK BAGARTI', '9.48', '8.8600', '64', 0, '65', 0, '65', 0, '61', 0, '64', 0, 875, 0, 'PASS', '', ''),
(300103317003, 'AISHWARYA NAIK', '9.21', '8.9500', '61', 0, '64', 0, '59', 0, '60', 0, '64', 0, 860, 0, 'PASS', '', ''),
(300103317004, 'AKASH KUMAR MISHRA', '9.21', '8.1700', '57', 0, '55', 0, '57', 0, '58', 0, '57', 0, 831, 0, 'PASS', '', ''),
(300103317005, 'AKHILESH KUMAR SONWANI', '9.15', '7.4200', '57', 0, '58', 0, '59', 0, '59', 0, '60', 0, 823, 0, 'PASS', '', ''),
(300103317006, 'AKRITI NIGAM', '9.73', '8.2400', '59', 0, '62', 0, '64', 0, '58', 0, '64', 0, 887, 0, 'PASS', '', ''),
(300103317007, 'AMIT KUMAR', '9.15', '0.0000', '60', 0, '60', 0, '63', 0, '65', 0, '63', 0, 844, 0, 'PASS', '', ''),
(300103317008, 'ANJALI SAGAR JANGDE', '9.76', '8.5200', '60', 0, '66', 0, '65', 0, '63', 0, '60', 0, 894, 0, 'PASS', '', ''),
(300103317009, 'ANKITA GUPTA', '9.7', '8.9300', '62', 0, '65', 0, '65', 0, '65', 0, '61', 0, 877, 0, 'PASS', '', ''),
(300103317010, 'ANURAG SHARMA', '9.21', '8.6700', '55', 0, '61', 0, '60', 0, '56', 0, '63', 0, 842, 0, 'PASS', '', ''),
(300103317011, 'ASHUTOSH AGRAWAL', '9.15', '7.5900', '59', 0, '58', 0, '62', 0, '56', 0, '58', 0, 826, 0, 'PASS', '', ''),
(300103317012, 'ATINDER PAL SINGH', '9.36', '8.4700', '63', 0, '60', 0, '61', 0, '64', 0, '62', 0, 867, 0, 'PASS', '', ''),
(300103317013, 'AYUSHI GUPTA', '9.85', '9.0000', '66', 0, '65', 0, '66', 0, '59', 0, '67', 0, 902, 0, 'PASS', '', ''),
(300103317016, 'DEEXA MESHRAM', '8.91', '7.8000', '48', 0, '51', 0, '54', 0, '53', 0, '53', 0, 816, 0, 'PASS', '', ''),
(300103317018, 'GARGI SAHU', '9.33', '8.2600', '58', 0, '52', 0, '57', 0, '54', 0, '57', 0, 857, 0, 'PASS', '', ''),
(300103317019, 'GARIMA JOSHI', '9.33', '8.1800', '56', 0, '58', 0, '59', 0, '58', 0, '61', 0, 875, 0, 'PASS', '', ''),
(300103317020, 'GUNJAN KUMAR', '9.21', '7.3300', '57', 0, '59', 0, '62', 0, '60', 0, '60', 0, 859, 0, 'PASS', '', ''),
(300103317021, 'HARSH SONWANI', '9.88', '9.1700', '63', 0, '61', 0, '64', 0, '66', 0, '66', 0, 909, 0, 'PASS', '', ''),
(300103317022, 'ISHANT RAJ KASHYAP', '9.45', '7.4500', '62', 0, '54', 0, '60', 0, '58', 0, '61', 0, 867, 0, 'PASS', '', ''),
(300103317023, 'KALPANA BANJARE', '9.42', '8.0600', '58', 0, '56', 0, '59', 0, '63', 0, '57', 0, 870, 0, 'PASS', '', ''),
(300103317024, 'KRISHNA KANT', '9.39', '8.5300', '64', 0, '58', 0, '64', 0, '60', 0, '61', 0, 866, 0, 'PASS', '', ''),
(300103317025, 'KRITI A. AJWANI', '9.48', '8.4600', '61', 0, '57', 0, '65', 0, '58', 0, '61', 0, 884, 0, 'PASS', '', ''),
(300103317026, 'KUNICA GUPTA', '9.85', '9.5200', '66', 0, '65', 0, '67', 0, '60', 0, '63', 0, 913, 0, 'PASS', '', ''),
(300103317027, 'MAHENDRA PATEL', '9.36', '8.2400', '58', 0, '62', 0, '59', 0, '63', 0, '60', 0, 871, 0, 'PASS', '', ''),
(300103317028, 'MANISH LAUTRE', '8.97', '7.5500', '58', 0, '54', 0, '57', 0, '60', 0, '62', 0, 827, 0, 'PASS', '', ''),
(300103317029, 'MANSI MUNDHRA', '9.64', '8.5100', '64', 0, '63', 0, '63', 0, '62', 0, '65', 0, 888, 0, 'PASS', '', ''),
(300103317031, 'MILI PANDEY', '9.39', '8.6100', '64', 0, '55', 0, '61', 0, '57', 0, '63', 0, 859, 0, 'PASS', '', ''),
(300103317032, 'MUSKAN VERMA', '9.55', '8.5500', '64', 0, '60', 0, '62', 0, '63', 0, '64', 0, 883, 0, 'PASS', '', ''),
(300103317033, 'NAILA NAUSIN', '9.45', '8.5200', '58', 0, '58', 0, '63', 0, '58', 0, '61', 0, 856, 0, 'PASS', '', ''),
(300103317034, 'NAYAN RAUT', '9.21', '7.4400', '54', 0, '59', 0, '57', 0, '58', 0, '57', 0, 825, 0, 'PASS', '', ''),
(300103317036, 'NIHAL KUMAR', '8.94', '8.3800', '58', 0, '52', 0, '54', 0, '59', 0, '59', 0, 824, 0, 'PASS', '', ''),
(300103317038, 'OMPRAKASH NAYAK', '9.3', '8.8400', '61', 0, '63', 0, '62', 0, '57', 0, '58', 0, 871, 0, 'PASS', '', ''),
(300103317039, 'PANKAJ MANIKPURI', '9.09', '8.4800', '60', 0, '59', 0, '61', 0, '49', 0, '59', 0, 846, 0, 'PASS', '', ''),
(300103317040, 'POOJA SINGH', '9.73', '8.9100', '63', 0, '61', 0, '61', 0, '63', 0, '62', 0, 895, 0, 'PASS', '', ''),
(300103317041, 'POOJA VERMA', '9.33', '8.2300', '56', 0, '51', 0, '57', 0, '53', 0, '58', 0, 859, 0, 'PASS', '', ''),
(300103317042, 'PREETI BAGHEL', '9.48', '8.2400', '60', 0, '60', 0, '62', 0, '52', 0, '58', 0, 874, 0, 'PASS', '', ''),
(300103317043, 'PRIYA PRAKASH', '9.42', '8.1200', '63', 0, '64', 0, '64', 0, '61', 0, '56', 0, 871, 0, 'PASS', '', ''),
(300103317044, 'RAHUL SINHA', '9.45', '8.3300', '61', 0, '59', 0, '61', 0, '51', 0, '64', 0, 878, 0, 'PASS', '', ''),
(300103317046, 'RITESH VERMA', '9.18', '7.7900', '59', 0, '59', 0, '56', 0, '57', 0, '59', 0, 835, 0, 'PASS', '', ''),
(300103317047, 'RITIKA TOLANI', '9.88', '8.9900', '66', 0, '57', 0, '64', 0, '66', 0, '66', 0, 908, 0, 'PASS', '', ''),
(300103317048, 'RIYA PATHAK', '9.73', '8.4800', '65', 0, '62', 0, '65', 0, '58', 0, '61', 0, 896, 0, 'PASS', '', ''),
(300103317049, 'ROSHANI AGRAWAL', '9.33', '7.3800', '63', 0, '55', 0, '59', 0, '58', 0, '58', 0, 856, 0, 'PASS', '', ''),
(300103317050, 'RUCHIKA SHARMA', '9.61', '8.9700', '63', 0, '59', 0, '62', 0, '63', 0, '56', 0, 885, 0, 'PASS', '', ''),
(300103317051, 'SANDESH AGRAWAL', '9.06', '7.3900', '56', 0, '56', 0, '55', 0, '51', 0, '56', 0, 811, 0, 'PASS', '', ''),
(300103317052, 'SAYAN BAGCHI', '9.3', '8.8500', '63', 0, '62', 0, '58', 0, '56', 0, '58', 0, 849, 0, 'PASS', '', ''),
(300103317054, 'SHUBHAM YADAV', '9.85', '9.3400', '67', 0, '66', 0, '66', 0, '63', 0, '67', 0, 913, 0, 'PASS', '', ''),
(300103317057, 'SRIJAN SHARMA', '8.55', '8.1500', '45', 0, '51', 0, '49', 0, '50', 0, '52', 0, 783, 0, 'PASS', '', ''),
(300103317060, 'VIBHUTI TIKARIHA', '9.79', '8.4600', '66', 0, '61', 0, '65', 0, '65', 0, '65', 0, 887, 0, 'PASS', '', ''),
(300103317062, 'DHARINEE CHANDRAKAR', '10', '9.3500', '62', 0, '64', 0, '64', 0, '62', 0, '67', 0, 910, 0, 'PASS', '', ''),
(300103317063, 'S SALMAN', '9.97', '9.3600', '63', 0, '66', 0, '65', 0, '66', 0, '64', 0, 898, 0, 'PASS', '', ''),
(300103317064, 'SRIJAN KARMAHE', '9.58', '8.9900', '63', 0, '62', 0, '64', 0, '59', 0, '61', 0, 883, 0, 'PASS', '', ''),
(300103317065, 'SWATI VERMA', '9.45', '8.9200', '65', 0, '61', 0, '61', 0, '58', 0, '61', 0, 870, 0, 'PASS', '', ''),
(300103317066, 'BUDI AYUSH NARAYANMURTY', '9.18', '7.9200', '58', 0, '63', 0, '59', 0, '61', 0, '58', 0, 846, 0, 'PASS', '', '');

-- --------------------------------------------------------

--
-- Table structure for table `2017_2021_8_sub`
--

CREATE TABLE `2017_2021_8_sub` (
  `Sub_code` varchar(9) DEFAULT NULL,
  `Subject` varchar(9) DEFAULT NULL,
  `FSN` varchar(50) DEFAULT NULL,
  `Teachers` varchar(30) DEFAULT NULL
) ENGINE=InnoDB DEFAULT CHARSET=latin1;

--
-- Dumping data for table `2017_2021_8_sub`
--

INSERT INTO `2017_2021_8_sub` (`Sub_code`, `Subject`, `FSN`, `Teachers`) VALUES
('300858_76', 'PPME', 'Project Planning, Management & Evaluation', 'Mr. Vikas Pandey'),
('322833_22', 'CS', 'Cyber Security', 'Mr. Amerandra Singh'),
('322843_22', 'DSS', 'Decision Support System', 'Mr. Raj Kumar'),
('333831_33', 'ERP', 'Enterprise Resource Planning', 'Dr. Jyothi Pillai'),
('333832_33', 'MCA', 'Mobile Computing & Applications', 'Mr. Rajiv Pathak');

-- --------------------------------------------------------

--
-- Table structure for table `2018_2022_7_sem`
--

CREATE TABLE `2018_2022_7_sem` (
  `URN` varchar(12) DEFAULT NULL,
  `NAME` varchar(50) DEFAULT NULL,
  `SPI` varchar(5) DEFAULT NULL,
  `CPI` varchar(5) DEFAULT NULL,
  `100301AM` varchar(3) DEFAULT NULL,
  `SUB_1_Atmp` int(2) DEFAULT NULL,
  `106302IT` varchar(3) DEFAULT NULL,
  `SUB_2_Atmp` int(2) DEFAULT NULL,
  `106303IT` varchar(3) DEFAULT NULL,
  `SUB_3_Atmp` int(2) DEFAULT NULL,
  `106304IT` varchar(3) DEFAULT NULL,
  `SUB_4_Atmp` int(2) DEFAULT NULL,
  `106305IT` varchar(3) DEFAULT NULL,
  `SUB_5_Atmp` int(2) DEFAULT NULL,
  `TOTAL` int(3) DEFAULT NULL,
  `BACK_APP_COUNT` int(2) DEFAULT NULL,
  `STATUS` varchar(4) DEFAULT NULL,
  `r_date` varchar(10) DEFAULT NULL
) ENGINE=InnoDB DEFAULT CHARSET=latin1;

--
-- Dumping data for table `2018_2022_7_sem`
--

INSERT INTO `2018_2022_7_sem` (`URN`, `NAME`, `SPI`, `CPI`, `100301AM`, `SUB_1_Atmp`, `106302IT`, `SUB_2_Atmp`, `106303IT`, `SUB_3_Atmp`, `106304IT`, `SUB_4_Atmp`, `106305IT`, `SUB_5_Atmp`, `TOTAL`, `BACK_APP_COUNT`, `STATUS`, `r_date`) VALUES
('300103320001', 'ABHISHEK MANHAR', '8.2', '8.58', '85', 0, '66', 0, '58', 0, '62', 0, '72', 0, 720, 0, 'PASS', '07-03-2022'),
('300103320002', 'ADITI AGRAWAL', '8.7', '8.97', '83', 0, '76', 0, '68', 0, '79', 0, '83', 0, 793, 0, 'PASS', ''),
('300103320003', 'ADITYA KUMAR VERMA', '9.4', '9.45', '88', 0, '77', 0, '83', 0, '84', 0, '81', 0, 836, 0, 'PASS', ''),
('300103320004', 'AKASH TIWARI', '9.7', '9.61', '83', 0, '74', 0, '79', 0, '85', 0, '85', 0, 870, 0, 'PASS', ''),
('300103320006', 'AYUSH JHA', '8.7', '8.98', '82', 0, '67', 0, '78', 0, '74', 0, '73', 0, 788, 0, 'PASS', ''),
('300103320007', 'AYUSH SINGH', '8.8', '8.86', '85', 0, '68', 0, '63', 0, '77', 0, '77', 0, 804, 0, 'PASS', ''),
('300103320008', 'CHANDAN SAHU', '7.9', '7.8', '69', 0, '43', 0, '45', 0, '54', 0, '70', 0, 716, 0, 'PASS', ''),
('300103320009', 'CHANDRASHUBHAM ANANT', '8.1', '8.5', '83', 0, '60', 0, '75', 0, '69', 0, '82', 0, 727, 0, 'PASS', ''),
('300103320010', 'DEEPANJAL SURYAVANSHI', '8.25', '8.57', '85', 0, '74', 0, '54', 0, '48', 0, '78', 0, 731, 0, 'PASS', ''),
('300103320011', 'DEVBRAT GUNA', '-', '-', '53', 0, '40', 0, '27', 0, '35', 0, '70', 0, 612, 0, 'FAIL', ''),
('300103320012', 'DEWANSH SINGH THAKUR', '7.9', '8.21', '83', 0, '61', 0, '61', 0, '57', 0, '73', 0, 716, 0, 'PASS', ''),
('300103320013', 'DIVYA SINGH', '9.85', '9.6', '86', 0, '83', 0, '76', 0, '79', 0, '82', 0, 883, 0, 'PASS', ''),
('300103320014', 'EKTA KOSARIYA', '8.6', '9.08', '83', 0, '72', 0, '72', 0, '74', 0, '89', 0, 781, 0, 'PASS', ''),
('300103320015', 'GAGAN KUMAR SAHU', '8.8', '8.98', '82', 0, '62', 0, '80', 0, '81', 0, '82', 0, 803, 0, 'PASS', ''),
('300103320016', 'HARSHITA N', '8.65', '8.8', '77', 0, '72', 0, '68', 0, '69', 0, '78', 0, 770, 0, 'PASS', ''),
('300103320017', 'HARSHWARDHAN CHANDRAKAR', '7.6', '8.32', '80', 0, '49', 0, '69', 0, '52', 0, '72', 0, 672, 0, 'PASS', ''),
('300103320018', 'HEMANT JOTWANI', '9.7', '9.66', '81', 0, '79', 0, '76', 0, '88', 0, '80', 0, 870, 0, 'PASS', ''),
('300103320019', 'ISHU KUMAR PATHAK', '8.9', '8.91', '83', 0, '65', 0, '68', 0, '78', 0, '75', 0, 811, 0, 'PASS', ''),
('300103320020', 'JATIN AGRAWAL', '8.35', '8.58', '78', 0, '64', 0, '69', 0, '66', 0, '73', 0, 744, 0, 'PASS', ''),
('300103320021', 'JAYASH TRIPATHY', '8', '8.55', '77', 0, '68', 0, '68', 0, '68', 0, '59', 0, 733, 0, 'PASS', ''),
('300103320022', 'KASHIF AHMED', '8.35', '8.78', '83', 0, '73', 0, '72', 0, '75', 0, '66', 0, 736, 0, 'PASS', ''),
('300103320023', 'KISHAN KUMAR', '9.4', '9.5', '82', 0, '83', 0, '74', 0, '77', 0, '80', 0, 852, 0, 'PASS', ''),
('300103320024', 'KOMAL GHOGARE', '8.85', '9.21', '84', 0, '67', 0, '80', 0, '77', 0, '75', 0, 805, 0, 'PASS', ''),
('300103320025', 'MAHENDRA KUMAR', '8.55', '8.92', '83', 0, '72', 0, '73', 0, '72', 0, '79', 0, 775, 0, 'PASS', ''),
('300103320026', 'MANASWI SINHA', '9.7', '9.67', '89', 0, '81', 0, '82', 0, '87', 0, '78', 0, 876, 0, 'PASS', ''),
('300103320027', 'MANSI MANKUPIYA', '8', '8.26', '79', 0, '64', 0, '65', 0, '60', 0, '58', 0, 695, 0, 'PASS', ''),
('300103320028', 'NEERAJ DEWANGAN', '7.6', '7.95', '76', 0, '68', 0, '69', 0, '57', 0, '79', 0, 680, 0, 'PASS', ''),
('300103320029', 'NILESH CHANDRAWANSHI', '-', '-', '85', 0, '54', 0, '45', 0, '60', 0, '38', 0, 605, 0, 'FAIL', ''),
('300103320030', 'PARUL SHUKLA', '9', '9.26', '81', 0, '72', 0, '77', 0, '77', 0, '76', 0, 815, 0, 'PASS', ''),
('300103320031', 'PIYUSH BHARDWAJ', '8.85', '8.98', '85', 0, '75', 0, '77', 0, '70', 0, '66', 0, 803, 0, 'PASS', ''),
('300103320032', 'PIYUSH JOSHI', '8', '8.26', '73', 0, '54', 0, '50', 0, '50', 0, '67', 0, 714, 0, 'PASS', ''),
('300103320033', 'PIYUSH SHARMA', '8.05', '8.65', '83', 0, '69', 0, '69', 0, '61', 0, '74', 0, 722, 0, 'PASS', ''),
('300103320034', 'PRINCE KUMAR DEWANGAN', '8.9', '9.13', '84', 0, '73', 0, '75', 0, '74', 0, '78', 0, 800, 0, 'PASS', ''),
('300103320035', 'R VAISHNAVI SATVIKA', '7.65', '7.73', '86', 0, '70', 0, '64', 0, '62', 0, '64', 0, 687, 0, 'PASS', ''),
('300103320037', 'RASHI CHAUHAN', '9.85', '9.72', '85', 0, '81', 0, '80', 0, '79', 0, '80', 0, 877, 0, 'PASS', ''),
('300103320038', 'RASHMI', '8.55', '9.06', '82', 0, '66', 0, '72', 0, '73', 0, '83', 0, 770, 0, 'PASS', ''),
('300103320039', 'REMAN KUMAR LAHARE', '7.6', '7.97', '69', 0, '37', 0, '60', 0, '67', 0, '66', 0, 673, 0, 'PASS', ''),
('300103320040', 'RISHIKA JAIN', '8.95', '9.28', '86', 0, '79', 0, '62', 0, '67', 0, '80', 0, 816, 0, 'PASS', ''),
('300103320041', 'ROHAN SARNA', '8.05', '8.48', '87', 0, '57', 0, '74', 0, '64', 0, '72', 0, 721, 0, 'PASS', ''),
('300103320042', 'SAKSHI SINGHAL', '9.2', '9.41', '84', 0, '79', 0, '76', 0, '80', 0, '80', 0, 851, 0, 'PASS', ''),
('300103320043', 'SAMIKSHA MEHTA', '8.45', '8.93', '85', 0, '72', 0, '72', 0, '64', 0, '68', 0, 762, 0, 'PASS', ''),
('300103320044', 'SAUMYA VERMA', '9.1', '9.42', '84', 0, '80', 0, '77', 0, '84', 0, '83', 0, 829, 0, 'PASS', ''),
('300103320045', 'SHIJO STEPHEN', '8.75', '9', '86', 0, '85', 0, '81', 0, '75', 0, '80', 0, 794, 0, 'PASS', ''),
('300103320046', 'SHIVANI SINGH', '9.85', '9.73', '88', 0, '84', 0, '82', 0, '84', 0, '78', 0, 887, 0, 'PASS', ''),
('300103320047', 'SHRISHTI GANVIR', '8.5', '8.83', '80', 0, '74', 0, '70', 0, '75', 0, '81', 0, 756, 0, 'PASS', ''),
('300103320048', 'SRISHTI SHUKLA', '8.15', '8.53', '84', 0, '61', 0, '57', 0, '65', 0, '74', 0, 731, 0, 'PASS', ''),
('300103320049', 'SUNIL PAL', '8.05', '8.27', '78', 0, '63', 0, '50', 0, '61', 0, '79', 0, 728, 0, 'PASS', ''),
('300103320050', 'TRISHA GUPTA', '8.25', '8.76', '80', 0, '64', 0, '55', 0, '58', 0, '76', 0, 733, 0, 'PASS', ''),
('300103320051', 'VAIBHAV KATENDRA', '8.5', '8.86', '87', 0, '73', 0, '64', 0, '63', 0, '78', 0, 764, 0, 'PASS', ''),
('300103320052', 'VARUL VERMA', '8.3', '8.72', '84', 0, '75', 0, '62', 0, '74', 0, '75', 0, 763, 0, 'PASS', ''),
('300103320053', 'VEDANT TAWRI', '9.4', '9.26', '82', 0, '82', 0, '80', 0, '84', 0, '83', 0, 853, 0, 'PASS', ''),
('300103320054', 'VISHWADEEP ALMORE', '7.95', '8.06', '82', 0, '47', 0, '59', 0, '56', 0, '67', 0, 698, 0, 'PASS', ''),
('300103320055', 'VRIDDHI NIRALA', '8', '8.71', '84', 0, '60', 0, '75', 0, '75', 0, '79', 0, 720, 0, 'PASS', ''),
('300103320056', 'JEET NIRMALKAR', '8.6', '8.98', '83', 0, '72', 0, '71', 0, '71', 0, '80', 0, 795, 0, 'PASS', ''),
('300103320057', 'SHIVAM KUMAR KURREY', '8.95', '9.15', '84', 0, '81', 0, '74', 0, '88', 0, '81', 0, 813, 0, 'PASS', ''),
('300103320058', 'SUKANT KRISHNA KAUSHIK', '8.6', '8.82', '78', 0, '73', 0, '74', 0, '72', 0, '78', 0, 764, 0, 'PASS', ''),
('300103320061', 'TARAN', '8.25', '8.62', '85', 0, '67', 0, '70', 0, '79', 0, '72', 0, 747, 0, 'PASS', ''),
('300103320062', 'ABHISHEK SAHU', '7.95', '8.68', '88', 0, '50', 0, '72', 0, '51', 0, '77', 0, 710, 0, 'PASS', ''),
('LE-IT01', 'BHARTI RANI MAHANAND', '7.7', '7.7', '72', 0, '41', 0, '46', 0, '61', 0, '65', 0, 686, 0, 'PASS', ''),
('LE-IT02', 'ALKA SHARMA', '8.5', '8.5', '78', 0, '64', 0, '64', 0, '60', 0, '80', 0, 763, 0, 'PASS', ''),
('LE-IT03', 'PRATEEK KUMAR', '6.75', '6.75', '58', 0, '36', 0, '44', 0, '42', 0, '55', 0, 604, 0, 'PASS', '');

-- --------------------------------------------------------

--
-- Table structure for table `2018_2022_7_sub`
--

CREATE TABLE `2018_2022_7_sub` (
  `Sub_code` varchar(9) DEFAULT NULL,
  `Subject` varchar(9) DEFAULT NULL,
  `FSN` varchar(50) DEFAULT NULL,
  `Teachers` varchar(40) DEFAULT NULL
) ENGINE=InnoDB DEFAULT CHARSET=latin1;

--
-- Dumping data for table `2018_2022_7_sub`
--

INSERT INTO `2018_2022_7_sub` (`Sub_code`, `Subject`, `FSN`, `Teachers`) VALUES
('100301AM', 'AM-III', 'Applied Mathematics III', 'Dr. Anil Kumar Dubey'),
('106302IT', 'DE', 'Digital Electronics', 'Mrs. K Subhashini Spurjeon'),
('106303IT', 'DS', 'Data Structures', 'Mr. Sarang Pitale'),
('106304IT', 'OS', 'Operating System', 'Mrs. Babita Verma'),
('106305IT', 'OOP-C++', 'Object Oriented Concepts & Programming using C++', 'Mr. P.D Mishra');

-- --------------------------------------------------------

--
-- Table structure for table `2018_2022_8_sem`
--

CREATE TABLE `2018_2022_8_sem` (
  `URN` varchar(12) DEFAULT NULL,
  `NAME` varchar(50) DEFAULT NULL,
  `SPI` varchar(5) DEFAULT NULL,
  `CPI` varchar(5) DEFAULT NULL,
  `100301AM` varchar(3) DEFAULT NULL,
  `SUB_1_Atmp` int(2) DEFAULT NULL,
  `106302IT` varchar(3) DEFAULT NULL,
  `SUB_2_Atmp` int(2) DEFAULT NULL,
  `106303IT` varchar(3) DEFAULT NULL,
  `SUB_3_Atmp` int(2) DEFAULT NULL,
  `106304IT` varchar(3) DEFAULT NULL,
  `SUB_4_Atmp` int(2) DEFAULT NULL,
  `106305IT` varchar(3) DEFAULT NULL,
  `SUB_5_Atmp` int(2) DEFAULT NULL,
  `TOTAL` int(3) DEFAULT NULL,
  `BACK_APP_COUNT` int(2) DEFAULT NULL,
  `STATUS` varchar(4) DEFAULT NULL,
  `r_date` varchar(10) DEFAULT NULL
) ENGINE=InnoDB DEFAULT CHARSET=latin1;

--
-- Dumping data for table `2018_2022_8_sem`
--

INSERT INTO `2018_2022_8_sem` (`URN`, `NAME`, `SPI`, `CPI`, `100301AM`, `SUB_1_Atmp`, `106302IT`, `SUB_2_Atmp`, `106303IT`, `SUB_3_Atmp`, `106304IT`, `SUB_4_Atmp`, `106305IT`, `SUB_5_Atmp`, `TOTAL`, `BACK_APP_COUNT`, `STATUS`, `r_date`) VALUES
('300103320001', 'ABHISHEK MANHAR', '8.2', '8.58', '85', 0, '66', 0, '58', 0, '62', 0, '72', 0, 720, 0, 'PASS', '07-03-2022'),
('300103320002', 'ADITI AGRAWAL', '8.7', '8.97', '83', 0, '76', 0, '68', 0, '79', 0, '83', 0, 793, 0, 'PASS', ''),
('300103320003', 'ADITYA KUMAR VERMA', '9.4', '9.45', '88', 0, '77', 0, '83', 0, '84', 0, '81', 0, 836, 0, 'PASS', ''),
('300103320004', 'AKASH TIWARI', '9.7', '9.61', '83', 0, '74', 0, '79', 0, '85', 0, '85', 0, 870, 0, 'PASS', ''),
('300103320006', 'AYUSH JHA', '8.7', '8.98', '82', 0, '67', 0, '78', 0, '74', 0, '73', 0, 788, 0, 'PASS', ''),
('300103320007', 'AYUSH SINGH', '8.8', '8.86', '85', 0, '68', 0, '63', 0, '77', 0, '77', 0, 804, 0, 'PASS', ''),
('300103320008', 'CHANDAN SAHU', '7.9', '7.8', '69', 0, '43', 0, '45', 0, '54', 0, '70', 0, 716, 0, 'PASS', ''),
('300103320009', 'CHANDRASHUBHAM ANANT', '8.1', '8.5', '83', 0, '60', 0, '75', 0, '69', 0, '82', 0, 727, 0, 'PASS', ''),
('300103320010', 'DEEPANJAL SURYAVANSHI', '8.25', '8.57', '85', 0, '74', 0, '54', 0, '48', 0, '78', 0, 731, 0, 'PASS', ''),
('300103320011', 'DEVBRAT GUNA', '-', '-', '53', 0, '40', 0, '27', 0, '35', 0, '70', 0, 612, 0, 'FAIL', ''),
('300103320012', 'DEWANSH SINGH THAKUR', '7.9', '8.21', '83', 0, '61', 0, '61', 0, '57', 0, '73', 0, 716, 0, 'PASS', ''),
('300103320013', 'DIVYA SINGH', '9.85', '9.6', '86', 0, '83', 0, '76', 0, '79', 0, '82', 0, 883, 0, 'PASS', ''),
('300103320014', 'EKTA KOSARIYA', '8.6', '9.08', '83', 0, '72', 0, '72', 0, '74', 0, '89', 0, 781, 0, 'PASS', ''),
('300103320015', 'GAGAN KUMAR SAHU', '8.8', '8.98', '82', 0, '62', 0, '80', 0, '81', 0, '82', 0, 803, 0, 'PASS', ''),
('300103320016', 'HARSHITA N', '8.65', '8.8', '77', 0, '72', 0, '68', 0, '69', 0, '78', 0, 770, 0, 'PASS', ''),
('300103320017', 'HARSHWARDHAN CHANDRAKAR', '7.6', '8.32', '80', 0, '49', 0, '69', 0, '52', 0, '72', 0, 672, 0, 'PASS', ''),
('300103320018', 'HEMANT JOTWANI', '9.7', '9.66', '81', 0, '79', 0, '76', 0, '88', 0, '80', 0, 870, 0, 'PASS', ''),
('300103320019', 'ISHU KUMAR PATHAK', '8.9', '8.91', '83', 0, '65', 0, '68', 0, '78', 0, '75', 0, 811, 0, 'PASS', ''),
('300103320020', 'JATIN AGRAWAL', '8.35', '8.58', '78', 0, '64', 0, '69', 0, '66', 0, '73', 0, 744, 0, 'PASS', ''),
('300103320021', 'JAYASH TRIPATHY', '8', '8.55', '77', 0, '68', 0, '68', 0, '68', 0, '59', 0, 733, 0, 'PASS', ''),
('300103320022', 'KASHIF AHMED', '8.35', '8.78', '83', 0, '73', 0, '72', 0, '75', 0, '66', 0, 736, 0, 'PASS', ''),
('300103320023', 'KISHAN KUMAR', '9.4', '9.5', '82', 0, '83', 0, '74', 0, '77', 0, '80', 0, 852, 0, 'PASS', ''),
('300103320024', 'KOMAL GHOGARE', '8.85', '9.21', '84', 0, '67', 0, '80', 0, '77', 0, '75', 0, 805, 0, 'PASS', ''),
('300103320025', 'MAHENDRA KUMAR', '8.55', '8.92', '83', 0, '72', 0, '73', 0, '72', 0, '79', 0, 775, 0, 'PASS', ''),
('300103320026', 'MANASWI SINHA', '9.7', '9.67', '89', 0, '81', 0, '82', 0, '87', 0, '78', 0, 876, 0, 'PASS', ''),
('300103320027', 'MANSI MANKUPIYA', '8', '8.26', '79', 0, '64', 0, '65', 0, '60', 0, '58', 0, 695, 0, 'PASS', ''),
('300103320028', 'NEERAJ DEWANGAN', '7.6', '7.95', '76', 0, '68', 0, '69', 0, '57', 0, '79', 0, 680, 0, 'PASS', ''),
('300103320029', 'NILESH CHANDRAWANSHI', '-', '-', '85', 0, '54', 0, '45', 0, '60', 0, '38', 0, 605, 0, 'FAIL', ''),
('300103320030', 'PARUL SHUKLA', '9', '9.26', '81', 0, '72', 0, '77', 0, '77', 0, '76', 0, 815, 0, 'PASS', ''),
('300103320031', 'PIYUSH BHARDWAJ', '8.85', '8.98', '85', 0, '75', 0, '77', 0, '70', 0, '66', 0, 803, 0, 'PASS', ''),
('300103320032', 'PIYUSH JOSHI', '8', '8.26', '73', 0, '54', 0, '50', 0, '50', 0, '67', 0, 714, 0, 'PASS', ''),
('300103320033', 'PIYUSH SHARMA', '8.05', '8.65', '83', 0, '69', 0, '69', 0, '61', 0, '74', 0, 722, 0, 'PASS', ''),
('300103320034', 'PRINCE KUMAR DEWANGAN', '8.9', '9.13', '84', 0, '73', 0, '75', 0, '74', 0, '78', 0, 800, 0, 'PASS', ''),
('300103320035', 'R VAISHNAVI SATVIKA', '7.65', '7.73', '86', 0, '70', 0, '64', 0, '62', 0, '64', 0, 687, 0, 'PASS', ''),
('300103320037', 'RASHI CHAUHAN', '9.85', '9.72', '85', 0, '81', 0, '80', 0, '79', 0, '80', 0, 877, 0, 'PASS', ''),
('300103320038', 'RASHMI', '8.55', '9.06', '82', 0, '66', 0, '72', 0, '73', 0, '83', 0, 770, 0, 'PASS', ''),
('300103320039', 'REMAN KUMAR LAHARE', '7.6', '7.97', '69', 0, '37', 0, '60', 0, '67', 0, '66', 0, 673, 0, 'PASS', ''),
('300103320040', 'RISHIKA JAIN', '8.95', '9.28', '86', 0, '79', 0, '62', 0, '67', 0, '80', 0, 816, 0, 'PASS', ''),
('300103320041', 'ROHAN SARNA', '8.05', '8.48', '87', 0, '57', 0, '74', 0, '64', 0, '72', 0, 721, 0, 'PASS', ''),
('300103320042', 'SAKSHI SINGHAL', '9.2', '9.41', '84', 0, '79', 0, '76', 0, '80', 0, '80', 0, 851, 0, 'PASS', ''),
('300103320043', 'SAMIKSHA MEHTA', '8.45', '8.93', '85', 0, '72', 0, '72', 0, '64', 0, '68', 0, 762, 0, 'PASS', ''),
('300103320044', 'SAUMYA VERMA', '9.1', '9.42', '84', 0, '80', 0, '77', 0, '84', 0, '83', 0, 829, 0, 'PASS', ''),
('300103320045', 'SHIJO STEPHEN', '8.75', '9', '86', 0, '85', 0, '81', 0, '75', 0, '80', 0, 794, 0, 'PASS', ''),
('300103320046', 'SHIVANI SINGH', '9.85', '9.73', '88', 0, '84', 0, '82', 0, '84', 0, '78', 0, 887, 0, 'PASS', ''),
('300103320047', 'SHRISHTI GANVIR', '8.5', '8.83', '80', 0, '74', 0, '70', 0, '75', 0, '81', 0, 756, 0, 'PASS', ''),
('300103320048', 'SRISHTI SHUKLA', '8.15', '8.53', '84', 0, '61', 0, '57', 0, '65', 0, '74', 0, 731, 0, 'PASS', ''),
('300103320049', 'SUNIL PAL', '8.05', '8.27', '78', 0, '63', 0, '50', 0, '61', 0, '79', 0, 728, 0, 'PASS', ''),
('300103320050', 'TRISHA GUPTA', '8.25', '8.76', '80', 0, '64', 0, '55', 0, '58', 0, '76', 0, 733, 0, 'PASS', ''),
('300103320051', 'VAIBHAV KATENDRA', '8.5', '8.86', '87', 0, '73', 0, '64', 0, '63', 0, '78', 0, 764, 0, 'PASS', ''),
('300103320052', 'VARUL VERMA', '8.3', '8.72', '84', 0, '75', 0, '62', 0, '74', 0, '75', 0, 763, 0, 'PASS', ''),
('300103320053', 'VEDANT TAWRI', '9.4', '9.26', '82', 0, '82', 0, '80', 0, '84', 0, '83', 0, 853, 0, 'PASS', ''),
('300103320054', 'VISHWADEEP ALMORE', '7.95', '8.06', '82', 0, '47', 0, '59', 0, '56', 0, '67', 0, 698, 0, 'PASS', ''),
('300103320055', 'VRIDDHI NIRALA', '8', '8.71', '84', 0, '60', 0, '75', 0, '75', 0, '79', 0, 720, 0, 'PASS', ''),
('300103320056', 'JEET NIRMALKAR', '8.6', '8.98', '83', 0, '72', 0, '71', 0, '71', 0, '80', 0, 795, 0, 'PASS', ''),
('300103320057', 'SHIVAM KUMAR KURREY', '8.95', '9.15', '84', 0, '81', 0, '74', 0, '88', 0, '81', 0, 813, 0, 'PASS', ''),
('300103320058', 'SUKANT KRISHNA KAUSHIK', '8.6', '8.82', '78', 0, '73', 0, '74', 0, '72', 0, '78', 0, 764, 0, 'PASS', ''),
('300103320061', 'TARAN', '8.25', '8.62', '85', 0, '67', 0, '70', 0, '79', 0, '72', 0, 747, 0, 'PASS', ''),
('300103320062', 'ABHISHEK SAHU', '7.95', '8.68', '88', 0, '50', 0, '72', 0, '51', 0, '77', 0, 710, 0, 'PASS', ''),
('LE-IT01', 'BHARTI RANI MAHANAND', '7.7', '7.7', '72', 0, '41', 0, '46', 0, '61', 0, '65', 0, 686, 0, 'PASS', ''),
('LE-IT02', 'ALKA SHARMA', '8.5', '8.5', '78', 0, '64', 0, '64', 0, '60', 0, '80', 0, 763, 0, 'PASS', ''),
('LE-IT03', 'PRATEEK KUMAR', '6.75', '6.75', '58', 0, '36', 0, '44', 0, '42', 0, '55', 0, 604, 0, 'PASS', '');

-- --------------------------------------------------------

--
-- Table structure for table `2018_2022_8_sub`
--

CREATE TABLE `2018_2022_8_sub` (
  `Sub_code` varchar(9) DEFAULT NULL,
  `Subject` varchar(9) DEFAULT NULL,
  `FSN` varchar(50) DEFAULT NULL,
  `Teachers` varchar(40) DEFAULT NULL
) ENGINE=InnoDB DEFAULT CHARSET=latin1;

--
-- Dumping data for table `2018_2022_8_sub`
--

INSERT INTO `2018_2022_8_sub` (`Sub_code`, `Subject`, `FSN`, `Teachers`) VALUES
('100301AM', 'AM-III', 'Applied Mathematics III', 'Dr. Anil Kumar Dubey'),
('106302IT', 'DE', 'Digital Electronics', 'Mrs. K Subhashini Spurjeon'),
('106303IT', 'DS', 'Data Structures', 'Mr. Sarang Pitale'),
('106304IT', 'OS', 'Operating System', 'Mrs. Babita Verma'),
('106305IT', 'OOP-C++', 'Object Oriented Concepts & Programming using C++', 'Mr. P.D Mishra');

-- --------------------------------------------------------

--
-- Table structure for table `2019_2023_5_sem`
--

CREATE TABLE `2019_2023_5_sem` (
  `URN` varchar(12) DEFAULT NULL,
  `NAME` varchar(50) DEFAULT NULL,
  `SPI` varchar(5) DEFAULT NULL,
  `CPI` varchar(5) DEFAULT NULL,
  `100301AM` varchar(3) DEFAULT NULL,
  `SUB_1_Atmp` int(2) DEFAULT NULL,
  `106302IT` varchar(3) DEFAULT NULL,
  `SUB_2_Atmp` int(2) DEFAULT NULL,
  `106303IT` varchar(3) DEFAULT NULL,
  `SUB_3_Atmp` int(2) DEFAULT NULL,
  `106304IT` varchar(3) DEFAULT NULL,
  `SUB_4_Atmp` int(2) DEFAULT NULL,
  `106305IT` varchar(3) DEFAULT NULL,
  `SUB_5_Atmp` int(2) DEFAULT NULL,
  `TOTAL` int(3) DEFAULT NULL,
  `BACK_APP_COUNT` int(2) DEFAULT NULL,
  `STATUS` varchar(4) DEFAULT NULL,
  `r_date` varchar(10) DEFAULT NULL
) ENGINE=InnoDB DEFAULT CHARSET=latin1;

--
-- Dumping data for table `2019_2023_5_sem`
--

INSERT INTO `2019_2023_5_sem` (`URN`, `NAME`, `SPI`, `CPI`, `100301AM`, `SUB_1_Atmp`, `106302IT`, `SUB_2_Atmp`, `106303IT`, `SUB_3_Atmp`, `106304IT`, `SUB_4_Atmp`, `106305IT`, `SUB_5_Atmp`, `TOTAL`, `BACK_APP_COUNT`, `STATUS`, `r_date`) VALUES
('300103320001', 'ABHISHEK MANHAR', '8.2', '8.58', '85', 0, '66', 0, '58', 0, '62', 0, '72', 0, 720, 0, 'PASS', '07-03-2022'),
('300103320002', 'ADITI AGRAWAL', '8.7', '8.97', '83', 0, '76', 0, '68', 0, '79', 0, '83', 0, 793, 0, 'PASS', ''),
('300103320003', 'ADITYA KUMAR VERMA', '9.4', '9.45', '88', 0, '77', 0, '83', 0, '84', 0, '81', 0, 836, 0, 'PASS', ''),
('300103320004', 'AKASH TIWARI', '9.7', '9.61', '83', 0, '74', 0, '79', 0, '85', 0, '85', 0, 870, 0, 'PASS', ''),
('300103320006', 'AYUSH JHA', '8.7', '8.98', '82', 0, '67', 0, '78', 0, '74', 0, '73', 0, 788, 0, 'PASS', ''),
('300103320007', 'AYUSH SINGH', '8.8', '8.86', '85', 0, '68', 0, '63', 0, '77', 0, '77', 0, 804, 0, 'PASS', ''),
('300103320008', 'CHANDAN SAHU', '7.9', '7.8', '69', 0, '43', 0, '45', 0, '54', 0, '70', 0, 716, 0, 'PASS', ''),
('300103320009', 'CHANDRASHUBHAM ANANT', '8.1', '8.5', '83', 0, '60', 0, '75', 0, '69', 0, '82', 0, 727, 0, 'PASS', ''),
('300103320010', 'DEEPANJAL SURYAVANSHI', '8.25', '8.57', '85', 0, '74', 0, '54', 0, '48', 0, '78', 0, 731, 0, 'PASS', ''),
('300103320011', 'DEVBRAT GUNA', '-', '-', '53', 0, '40', 0, '27', 0, '35', 0, '70', 0, 612, 0, 'FAIL', ''),
('300103320012', 'DEWANSH SINGH THAKUR', '7.9', '8.21', '83', 0, '61', 0, '61', 0, '57', 0, '73', 0, 716, 0, 'PASS', ''),
('300103320013', 'DIVYA SINGH', '9.85', '9.6', '86', 0, '83', 0, '76', 0, '79', 0, '82', 0, 883, 0, 'PASS', ''),
('300103320014', 'EKTA KOSARIYA', '8.6', '9.08', '83', 0, '72', 0, '72', 0, '74', 0, '89', 0, 781, 0, 'PASS', ''),
('300103320015', 'GAGAN KUMAR SAHU', '8.8', '8.98', '82', 0, '62', 0, '80', 0, '81', 0, '82', 0, 803, 0, 'PASS', ''),
('300103320016', 'HARSHITA N', '8.65', '8.8', '77', 0, '72', 0, '68', 0, '69', 0, '78', 0, 770, 0, 'PASS', ''),
('300103320017', 'HARSHWARDHAN CHANDRAKAR', '7.6', '8.32', '80', 0, '49', 0, '69', 0, '52', 0, '72', 0, 672, 0, 'PASS', ''),
('300103320018', 'HEMANT JOTWANI', '9.7', '9.66', '81', 0, '79', 0, '76', 0, '88', 0, '80', 0, 870, 0, 'PASS', ''),
('300103320019', 'ISHU KUMAR PATHAK', '8.9', '8.91', '83', 0, '65', 0, '68', 0, '78', 0, '75', 0, 811, 0, 'PASS', ''),
('300103320020', 'JATIN AGRAWAL', '8.35', '8.58', '78', 0, '64', 0, '69', 0, '66', 0, '73', 0, 744, 0, 'PASS', ''),
('300103320021', 'JAYASH TRIPATHY', '8', '8.55', '77', 0, '68', 0, '68', 0, '68', 0, '59', 0, 733, 0, 'PASS', ''),
('300103320022', 'KASHIF AHMED', '8.35', '8.78', '83', 0, '73', 0, '72', 0, '75', 0, '66', 0, 736, 0, 'PASS', ''),
('300103320023', 'KISHAN KUMAR', '9.4', '9.5', '82', 0, '83', 0, '74', 0, '77', 0, '80', 0, 852, 0, 'PASS', ''),
('300103320024', 'KOMAL GHOGARE', '8.85', '9.21', '84', 0, '67', 0, '80', 0, '77', 0, '75', 0, 805, 0, 'PASS', ''),
('300103320025', 'MAHENDRA KUMAR', '8.55', '8.92', '83', 0, '72', 0, '73', 0, '72', 0, '79', 0, 775, 0, 'PASS', ''),
('300103320026', 'MANASWI SINHA', '9.7', '9.67', '89', 0, '81', 0, '82', 0, '87', 0, '78', 0, 876, 0, 'PASS', ''),
('300103320027', 'MANSI MANKUPIYA', '8', '8.26', '79', 0, '64', 0, '65', 0, '60', 0, '58', 0, 695, 0, 'PASS', ''),
('300103320028', 'NEERAJ DEWANGAN', '7.6', '7.95', '76', 0, '68', 0, '69', 0, '57', 0, '79', 0, 680, 0, 'PASS', ''),
('300103320029', 'NILESH CHANDRAWANSHI', '-', '-', '85', 0, '54', 0, '45', 0, '60', 0, '38', 0, 605, 0, 'FAIL', ''),
('300103320030', 'PARUL SHUKLA', '9', '9.26', '81', 0, '72', 0, '77', 0, '77', 0, '76', 0, 815, 0, 'PASS', ''),
('300103320031', 'PIYUSH BHARDWAJ', '8.85', '8.98', '85', 0, '75', 0, '77', 0, '70', 0, '66', 0, 803, 0, 'PASS', ''),
('300103320032', 'PIYUSH JOSHI', '8', '8.26', '73', 0, '54', 0, '50', 0, '50', 0, '67', 0, 714, 0, 'PASS', ''),
('300103320033', 'PIYUSH SHARMA', '8.05', '8.65', '83', 0, '69', 0, '69', 0, '61', 0, '74', 0, 722, 0, 'PASS', ''),
('300103320034', 'PRINCE KUMAR DEWANGAN', '8.9', '9.13', '84', 0, '73', 0, '75', 0, '74', 0, '78', 0, 800, 0, 'PASS', ''),
('300103320035', 'R VAISHNAVI SATVIKA', '7.65', '7.73', '86', 0, '70', 0, '64', 0, '62', 0, '64', 0, 687, 0, 'PASS', ''),
('300103320037', 'RASHI CHAUHAN', '9.85', '9.72', '85', 0, '81', 0, '80', 0, '79', 0, '80', 0, 877, 0, 'PASS', ''),
('300103320038', 'RASHMI', '8.55', '9.06', '82', 0, '66', 0, '72', 0, '73', 0, '83', 0, 770, 0, 'PASS', ''),
('300103320039', 'REMAN KUMAR LAHARE', '7.6', '7.97', '69', 0, '37', 0, '60', 0, '67', 0, '66', 0, 673, 0, 'PASS', ''),
('300103320040', 'RISHIKA JAIN', '8.95', '9.28', '86', 0, '79', 0, '62', 0, '67', 0, '80', 0, 816, 0, 'PASS', ''),
('300103320041', 'ROHAN SARNA', '8.05', '8.48', '87', 0, '57', 0, '74', 0, '64', 0, '72', 0, 721, 0, 'PASS', ''),
('300103320042', 'SAKSHI SINGHAL', '9.2', '9.41', '84', 0, '79', 0, '76', 0, '80', 0, '80', 0, 851, 0, 'PASS', ''),
('300103320043', 'SAMIKSHA MEHTA', '8.45', '8.93', '85', 0, '72', 0, '72', 0, '64', 0, '68', 0, 762, 0, 'PASS', ''),
('300103320044', 'SAUMYA VERMA', '9.1', '9.42', '84', 0, '80', 0, '77', 0, '84', 0, '83', 0, 829, 0, 'PASS', ''),
('300103320045', 'SHIJO STEPHEN', '8.75', '9', '86', 0, '85', 0, '81', 0, '75', 0, '80', 0, 794, 0, 'PASS', ''),
('300103320046', 'SHIVANI SINGH', '9.85', '9.73', '88', 0, '84', 0, '82', 0, '84', 0, '78', 0, 887, 0, 'PASS', ''),
('300103320047', 'SHRISHTI GANVIR', '8.5', '8.83', '80', 0, '74', 0, '70', 0, '75', 0, '81', 0, 756, 0, 'PASS', ''),
('300103320048', 'SRISHTI SHUKLA', '8.15', '8.53', '84', 0, '61', 0, '57', 0, '65', 0, '74', 0, 731, 0, 'PASS', ''),
('300103320049', 'SUNIL PAL', '8.05', '8.27', '78', 0, '63', 0, '50', 0, '61', 0, '79', 0, 728, 0, 'PASS', ''),
('300103320050', 'TRISHA GUPTA', '8.25', '8.76', '80', 0, '64', 0, '55', 0, '58', 0, '76', 0, 733, 0, 'PASS', ''),
('300103320051', 'VAIBHAV KATENDRA', '8.5', '8.86', '87', 0, '73', 0, '64', 0, '63', 0, '78', 0, 764, 0, 'PASS', ''),
('300103320052', 'VARUL VERMA', '8.3', '8.72', '84', 0, '75', 0, '62', 0, '74', 0, '75', 0, 763, 0, 'PASS', ''),
('300103320053', 'VEDANT TAWRI', '9.4', '9.26', '82', 0, '82', 0, '80', 0, '84', 0, '83', 0, 853, 0, 'PASS', ''),
('300103320054', 'VISHWADEEP ALMORE', '7.95', '8.06', '82', 0, '47', 0, '59', 0, '56', 0, '67', 0, 698, 0, 'PASS', ''),
('300103320055', 'VRIDDHI NIRALA', '8', '8.71', '84', 0, '60', 0, '75', 0, '75', 0, '79', 0, 720, 0, 'PASS', ''),
('300103320056', 'JEET NIRMALKAR', '8.6', '8.98', '83', 0, '72', 0, '71', 0, '71', 0, '80', 0, 795, 0, 'PASS', ''),
('300103320057', 'SHIVAM KUMAR KURREY', '8.95', '9.15', '84', 0, '81', 0, '74', 0, '88', 0, '81', 0, 813, 0, 'PASS', ''),
('300103320058', 'SUKANT KRISHNA KAUSHIK', '8.6', '8.82', '78', 0, '73', 0, '74', 0, '72', 0, '78', 0, 764, 0, 'PASS', ''),
('300103320061', 'TARAN', '8.25', '8.62', '85', 0, '67', 0, '70', 0, '79', 0, '72', 0, 747, 0, 'PASS', ''),
('300103320062', 'ABHISHEK SAHU', '7.95', '8.68', '88', 0, '50', 0, '72', 0, '51', 0, '77', 0, 710, 0, 'PASS', ''),
('LE-IT01', 'BHARTI RANI MAHANAND', '7.7', '7.7', '72', 0, '41', 0, '46', 0, '61', 0, '65', 0, 686, 0, 'PASS', ''),
('LE-IT02', 'ALKA SHARMA', '8.5', '8.5', '78', 0, '64', 0, '64', 0, '60', 0, '80', 0, 763, 0, 'PASS', ''),
('LE-IT03', 'PRATEEK KUMAR', '6.75', '6.75', '58', 0, '36', 0, '44', 0, '42', 0, '55', 0, 604, 0, 'PASS', '');

-- --------------------------------------------------------

--
-- Table structure for table `2019_2023_5_sub`
--

CREATE TABLE `2019_2023_5_sub` (
  `Sub_code` varchar(9) DEFAULT NULL,
  `Subject` varchar(9) DEFAULT NULL,
  `FSN` varchar(50) DEFAULT NULL,
  `Teachers` varchar(40) DEFAULT NULL
) ENGINE=InnoDB DEFAULT CHARSET=latin1;

--
-- Dumping data for table `2019_2023_5_sub`
--

INSERT INTO `2019_2023_5_sub` (`Sub_code`, `Subject`, `FSN`, `Teachers`) VALUES
('100301AM', 'AM-III', 'Applied Mathematics-III', 'Dr. Anil Kumar Dubey'),
('106302IT', 'DE', 'Digital Electronics', 'Mrs. K Subhashini Spurjeon'),
('106303IT', 'DS', 'Data Structures', 'Mr. Sarang Pitale'),
('106304IT', 'OS', 'Operating System', 'Mrs. Babita Verma'),
('106305IT', 'OOP-C++', 'Object Oriented Concepts & Programming using C++', 'Mr. P.D Mishra');

-- --------------------------------------------------------

--
-- Table structure for table `2019_2023_6_sem`
--

CREATE TABLE `2019_2023_6_sem` (
  `URN` varchar(12) DEFAULT NULL,
  `NAME` varchar(50) DEFAULT NULL,
  `SPI` varchar(5) DEFAULT NULL,
  `CPI` varchar(5) DEFAULT NULL,
  `100301AM` varchar(3) DEFAULT NULL,
  `SUB_1_Atmp` int(2) DEFAULT NULL,
  `106302IT` varchar(3) DEFAULT NULL,
  `SUB_2_Atmp` int(2) DEFAULT NULL,
  `106303IT` varchar(3) DEFAULT NULL,
  `SUB_3_Atmp` int(2) DEFAULT NULL,
  `106304IT` varchar(3) DEFAULT NULL,
  `SUB_4_Atmp` int(2) DEFAULT NULL,
  `106305IT` varchar(3) DEFAULT NULL,
  `SUB_5_Atmp` int(2) DEFAULT NULL,
  `TOTAL` int(3) DEFAULT NULL,
  `BACK_APP_COUNT` int(2) DEFAULT NULL,
  `STATUS` varchar(4) DEFAULT NULL,
  `r_date` varchar(10) DEFAULT NULL
) ENGINE=InnoDB DEFAULT CHARSET=latin1;

--
-- Dumping data for table `2019_2023_6_sem`
--

INSERT INTO `2019_2023_6_sem` (`URN`, `NAME`, `SPI`, `CPI`, `100301AM`, `SUB_1_Atmp`, `106302IT`, `SUB_2_Atmp`, `106303IT`, `SUB_3_Atmp`, `106304IT`, `SUB_4_Atmp`, `106305IT`, `SUB_5_Atmp`, `TOTAL`, `BACK_APP_COUNT`, `STATUS`, `r_date`) VALUES
('300103320001', 'ABHISHEK MANHAR', '8.2', '8.58', '85', 0, '66', 0, '58', 0, '62', 0, '72', 0, 720, 0, 'PASS', '07-03-2022'),
('300103320002', 'ADITI AGRAWAL', '8.7', '8.97', '83', 0, '76', 0, '68', 0, '79', 0, '83', 0, 793, 0, 'PASS', ''),
('300103320003', 'ADITYA KUMAR VERMA', '9.4', '9.45', '88', 0, '77', 0, '83', 0, '84', 0, '81', 0, 836, 0, 'PASS', ''),
('300103320004', 'AKASH TIWARI', '9.7', '9.61', '83', 0, '74', 0, '79', 0, '85', 0, '85', 0, 870, 0, 'PASS', ''),
('300103320006', 'AYUSH JHA', '8.7', '8.98', '82', 0, '67', 0, '78', 0, '74', 0, '73', 0, 788, 0, 'PASS', ''),
('300103320007', 'AYUSH SINGH', '8.8', '8.86', '85', 0, '68', 0, '63', 0, '77', 0, '77', 0, 804, 0, 'PASS', ''),
('300103320008', 'CHANDAN SAHU', '7.9', '7.8', '69', 0, '43', 0, '45', 0, '54', 0, '70', 0, 716, 0, 'PASS', ''),
('300103320009', 'CHANDRASHUBHAM ANANT', '8.1', '8.5', '83', 0, '60', 0, '75', 0, '69', 0, '82', 0, 727, 0, 'PASS', ''),
('300103320010', 'DEEPANJAL SURYAVANSHI', '8.25', '8.57', '85', 0, '74', 0, '54', 0, '48', 0, '78', 0, 731, 0, 'PASS', ''),
('300103320011', 'DEVBRAT GUNA', '-', '-', '53', 0, '40', 0, '27', 0, '35', 0, '70', 0, 612, 0, 'FAIL', ''),
('300103320012', 'DEWANSH SINGH THAKUR', '7.9', '8.21', '83', 0, '61', 0, '61', 0, '57', 0, '73', 0, 716, 0, 'PASS', ''),
('300103320013', 'DIVYA SINGH', '9.85', '9.6', '86', 0, '83', 0, '76', 0, '79', 0, '82', 0, 883, 0, 'PASS', ''),
('300103320014', 'EKTA KOSARIYA', '8.6', '9.08', '83', 0, '72', 0, '72', 0, '74', 0, '89', 0, 781, 0, 'PASS', ''),
('300103320015', 'GAGAN KUMAR SAHU', '8.8', '8.98', '82', 0, '62', 0, '80', 0, '81', 0, '82', 0, 803, 0, 'PASS', ''),
('300103320016', 'HARSHITA N', '8.65', '8.8', '77', 0, '72', 0, '68', 0, '69', 0, '78', 0, 770, 0, 'PASS', ''),
('300103320017', 'HARSHWARDHAN CHANDRAKAR', '7.6', '8.32', '80', 0, '49', 0, '69', 0, '52', 0, '72', 0, 672, 0, 'PASS', ''),
('300103320018', 'HEMANT JOTWANI', '9.7', '9.66', '81', 0, '79', 0, '76', 0, '88', 0, '80', 0, 870, 0, 'PASS', ''),
('300103320019', 'ISHU KUMAR PATHAK', '8.9', '8.91', '83', 0, '65', 0, '68', 0, '78', 0, '75', 0, 811, 0, 'PASS', ''),
('300103320020', 'JATIN AGRAWAL', '8.35', '8.58', '78', 0, '64', 0, '69', 0, '66', 0, '73', 0, 744, 0, 'PASS', ''),
('300103320021', 'JAYASH TRIPATHY', '8', '8.55', '77', 0, '68', 0, '68', 0, '68', 0, '59', 0, 733, 0, 'PASS', ''),
('300103320022', 'KASHIF AHMED', '8.35', '8.78', '83', 0, '73', 0, '72', 0, '75', 0, '66', 0, 736, 0, 'PASS', ''),
('300103320023', 'KISHAN KUMAR', '9.4', '9.5', '82', 0, '83', 0, '74', 0, '77', 0, '80', 0, 852, 0, 'PASS', ''),
('300103320024', 'KOMAL GHOGARE', '8.85', '9.21', '84', 0, '67', 0, '80', 0, '77', 0, '75', 0, 805, 0, 'PASS', ''),
('300103320025', 'MAHENDRA KUMAR', '8.55', '8.92', '83', 0, '72', 0, '73', 0, '72', 0, '79', 0, 775, 0, 'PASS', ''),
('300103320026', 'MANASWI SINHA', '9.7', '9.67', '89', 0, '81', 0, '82', 0, '87', 0, '78', 0, 876, 0, 'PASS', ''),
('300103320027', 'MANSI MANKUPIYA', '8', '8.26', '79', 0, '64', 0, '65', 0, '60', 0, '58', 0, 695, 0, 'PASS', ''),
('300103320028', 'NEERAJ DEWANGAN', '7.6', '7.95', '76', 0, '68', 0, '69', 0, '57', 0, '79', 0, 680, 0, 'PASS', ''),
('300103320029', 'NILESH CHANDRAWANSHI', '-', '-', '85', 0, '54', 0, '45', 0, '60', 0, '38', 0, 605, 0, 'FAIL', ''),
('300103320030', 'PARUL SHUKLA', '9', '9.26', '81', 0, '72', 0, '77', 0, '77', 0, '76', 0, 815, 0, 'PASS', ''),
('300103320031', 'PIYUSH BHARDWAJ', '8.85', '8.98', '85', 0, '75', 0, '77', 0, '70', 0, '66', 0, 803, 0, 'PASS', ''),
('300103320032', 'PIYUSH JOSHI', '8', '8.26', '73', 0, '54', 0, '50', 0, '50', 0, '67', 0, 714, 0, 'PASS', ''),
('300103320033', 'PIYUSH SHARMA', '8.05', '8.65', '83', 0, '69', 0, '69', 0, '61', 0, '74', 0, 722, 0, 'PASS', ''),
('300103320034', 'PRINCE KUMAR DEWANGAN', '8.9', '9.13', '84', 0, '73', 0, '75', 0, '74', 0, '78', 0, 800, 0, 'PASS', ''),
('300103320035', 'R VAISHNAVI SATVIKA', '7.65', '7.73', '86', 0, '70', 0, '64', 0, '62', 0, '64', 0, 687, 0, 'PASS', ''),
('300103320037', 'RASHI CHAUHAN', '9.85', '9.72', '85', 0, '81', 0, '80', 0, '79', 0, '80', 0, 877, 0, 'PASS', ''),
('300103320038', 'RASHMI', '8.55', '9.06', '82', 0, '66', 0, '72', 0, '73', 0, '83', 0, 770, 0, 'PASS', ''),
('300103320039', 'REMAN KUMAR LAHARE', '7.6', '7.97', '69', 0, '37', 0, '60', 0, '67', 0, '66', 0, 673, 0, 'PASS', ''),
('300103320040', 'RISHIKA JAIN', '8.95', '9.28', '86', 0, '79', 0, '62', 0, '67', 0, '80', 0, 816, 0, 'PASS', ''),
('300103320041', 'ROHAN SARNA', '8.05', '8.48', '87', 0, '57', 0, '74', 0, '64', 0, '72', 0, 721, 0, 'PASS', ''),
('300103320042', 'SAKSHI SINGHAL', '9.2', '9.41', '84', 0, '79', 0, '76', 0, '80', 0, '80', 0, 851, 0, 'PASS', ''),
('300103320043', 'SAMIKSHA MEHTA', '8.45', '8.93', '85', 0, '72', 0, '72', 0, '64', 0, '68', 0, 762, 0, 'PASS', ''),
('300103320044', 'SAUMYA VERMA', '9.1', '9.42', '84', 0, '80', 0, '77', 0, '84', 0, '83', 0, 829, 0, 'PASS', ''),
('300103320045', 'SHIJO STEPHEN', '8.75', '9', '86', 0, '85', 0, '81', 0, '75', 0, '80', 0, 794, 0, 'PASS', ''),
('300103320046', 'SHIVANI SINGH', '9.85', '9.73', '88', 0, '84', 0, '82', 0, '84', 0, '78', 0, 887, 0, 'PASS', ''),
('300103320047', 'SHRISHTI GANVIR', '8.5', '8.83', '80', 0, '74', 0, '70', 0, '75', 0, '81', 0, 756, 0, 'PASS', ''),
('300103320048', 'SRISHTI SHUKLA', '8.15', '8.53', '84', 0, '61', 0, '57', 0, '65', 0, '74', 0, 731, 0, 'PASS', ''),
('300103320049', 'SUNIL PAL', '8.05', '8.27', '78', 0, '63', 0, '50', 0, '61', 0, '79', 0, 728, 0, 'PASS', ''),
('300103320050', 'TRISHA GUPTA', '8.25', '8.76', '80', 0, '64', 0, '55', 0, '58', 0, '76', 0, 733, 0, 'PASS', ''),
('300103320051', 'VAIBHAV KATENDRA', '8.5', '8.86', '87', 0, '73', 0, '64', 0, '63', 0, '78', 0, 764, 0, 'PASS', ''),
('300103320052', 'VARUL VERMA', '8.3', '8.72', '84', 0, '75', 0, '62', 0, '74', 0, '75', 0, 763, 0, 'PASS', ''),
('300103320053', 'VEDANT TAWRI', '9.4', '9.26', '82', 0, '82', 0, '80', 0, '84', 0, '83', 0, 853, 0, 'PASS', ''),
('300103320054', 'VISHWADEEP ALMORE', '7.95', '8.06', '82', 0, '47', 0, '59', 0, '56', 0, '67', 0, 698, 0, 'PASS', ''),
('300103320055', 'VRIDDHI NIRALA', '8', '8.71', '84', 0, '60', 0, '75', 0, '75', 0, '79', 0, 720, 0, 'PASS', ''),
('300103320056', 'JEET NIRMALKAR', '8.6', '8.98', '83', 0, '72', 0, '71', 0, '71', 0, '80', 0, 795, 0, 'PASS', ''),
('300103320057', 'SHIVAM KUMAR KURREY', '8.95', '9.15', '84', 0, '81', 0, '74', 0, '88', 0, '81', 0, 813, 0, 'PASS', ''),
('300103320058', 'SUKANT KRISHNA KAUSHIK', '8.6', '8.82', '78', 0, '73', 0, '74', 0, '72', 0, '78', 0, 764, 0, 'PASS', ''),
('300103320061', 'TARAN', '8.25', '8.62', '85', 0, '67', 0, '70', 0, '79', 0, '72', 0, 747, 0, 'PASS', ''),
('300103320062', 'ABHISHEK SAHU', '7.95', '8.68', '88', 0, '50', 0, '72', 0, '51', 0, '77', 0, 710, 0, 'PASS', ''),
('LE-IT01', 'BHARTI RANI MAHANAND', '7.7', '7.7', '72', 0, '41', 0, '46', 0, '61', 0, '65', 0, 686, 0, 'PASS', ''),
('LE-IT02', 'ALKA SHARMA', '8.5', '8.5', '78', 0, '64', 0, '64', 0, '60', 0, '80', 0, 763, 0, 'PASS', ''),
('LE-IT03', 'PRATEEK KUMAR', '6.75', '6.75', '58', 0, '36', 0, '44', 0, '42', 0, '55', 0, 604, 0, 'PASS', '');

-- --------------------------------------------------------

--
-- Table structure for table `2019_2023_6_sub`
--

CREATE TABLE `2019_2023_6_sub` (
  `Sub_code` varchar(9) DEFAULT NULL,
  `Subject` varchar(9) DEFAULT NULL,
  `FSN` varchar(50) DEFAULT NULL,
  `Teachers` varchar(40) DEFAULT NULL
) ENGINE=InnoDB DEFAULT CHARSET=latin1;

--
-- Dumping data for table `2019_2023_6_sub`
--

INSERT INTO `2019_2023_6_sub` (`Sub_code`, `Subject`, `FSN`, `Teachers`) VALUES
('100301AM', 'AM-III', 'Applied Mathematics III', 'Dr. Anil Kumar Dubey'),
('106302IT', 'DE', 'Digital Electronics', 'Mrs. K Subhashini Spurjeon'),
('106303IT', 'DS', 'Data Structures', 'Mr. Sarang Pitale'),
('106304IT', 'OS', 'Operating System', 'Mrs. Babita Verma'),
('106305IT', 'OOP-C++', 'Object Oriented Concepts & Programming using C++', 'Mr. P.D Mishra');

-- --------------------------------------------------------

--
-- Table structure for table `2020_2024_3_sem`
--

CREATE TABLE `2020_2024_3_sem` (
  `URN` varchar(12) DEFAULT NULL,
  `NAME` varchar(50) DEFAULT NULL,
  `SPI` varchar(5) DEFAULT NULL,
  `CPI` varchar(5) DEFAULT NULL,
  `100301AM` varchar(3) DEFAULT NULL,
  `SUB_1_Atmp` int(2) DEFAULT NULL,
  `106302IT` varchar(3) DEFAULT NULL,
  `SUB_2_Atmp` int(2) DEFAULT NULL,
  `106303IT` varchar(3) DEFAULT NULL,
  `SUB_3_Atmp` int(2) DEFAULT NULL,
  `106304IT` varchar(3) DEFAULT NULL,
  `SUB_4_Atmp` int(2) DEFAULT NULL,
  `106305IT` varchar(3) DEFAULT NULL,
  `SUB_5_Atmp` int(2) DEFAULT NULL,
  `TOTAL` int(3) DEFAULT NULL,
  `BACK_APP_COUNT` int(2) DEFAULT NULL,
  `STATUS` varchar(4) DEFAULT NULL,
  `r_date` varchar(10) DEFAULT NULL
) ENGINE=InnoDB DEFAULT CHARSET=latin1;

--
-- Dumping data for table `2020_2024_3_sem`
--

INSERT INTO `2020_2024_3_sem` (`URN`, `NAME`, `SPI`, `CPI`, `100301AM`, `SUB_1_Atmp`, `106302IT`, `SUB_2_Atmp`, `106303IT`, `SUB_3_Atmp`, `106304IT`, `SUB_4_Atmp`, `106305IT`, `SUB_5_Atmp`, `TOTAL`, `BACK_APP_COUNT`, `STATUS`, `r_date`) VALUES
('300103320001', 'ABHISHEK MANHAR', '8.2', '8.58', '85', 0, '66', 0, '58', 0, '62', 0, '72', 0, 720, 0, 'PASS', '07-03-2022'),
('300103320002', 'ADITI AGRAWAL', '8.7', '8.97', '83', 0, '76', 0, '68', 0, '79', 0, '83', 0, 793, 0, 'PASS', ''),
('300103320003', 'ADITYA KUMAR VERMA', '9.4', '9.45', '88', 0, '77', 0, '83', 0, '84', 0, '81', 0, 836, 0, 'PASS', ''),
('300103320004', 'AKASH TIWARI', '9.7', '9.61', '83', 0, '74', 0, '79', 0, '85', 0, '85', 0, 870, 0, 'PASS', ''),
('300103320006', 'AYUSH JHA', '8.7', '8.98', '82', 0, '67', 0, '78', 0, '74', 0, '73', 0, 788, 0, 'PASS', ''),
('300103320007', 'AYUSH SINGH', '8.8', '8.86', '85', 0, '68', 0, '63', 0, '77', 0, '77', 0, 804, 0, 'PASS', ''),
('300103320008', 'CHANDAN SAHU', '7.9', '7.8', '69', 0, '43', 0, '45', 0, '54', 0, '70', 0, 716, 0, 'PASS', ''),
('300103320009', 'CHANDRASHUBHAM ANANT', '8.1', '8.5', '83', 0, '60', 0, '75', 0, '69', 0, '82', 0, 727, 0, 'PASS', ''),
('300103320010', 'DEEPANJAL SURYAVANSHI', '8.25', '8.57', '85', 0, '74', 0, '54', 0, '48', 0, '78', 0, 731, 0, 'PASS', ''),
('300103320011', 'DEVBRAT GUNA', '-', '-', '53', 0, '40', 0, '27', 0, '35', 0, '70', 0, 612, 0, 'FAIL', ''),
('300103320012', 'DEWANSH SINGH THAKUR', '7.9', '8.21', '83', 0, '61', 0, '61', 0, '57', 0, '73', 0, 716, 0, 'PASS', ''),
('300103320013', 'DIVYA SINGH', '9.85', '9.6', '86', 0, '83', 0, '76', 0, '79', 0, '82', 0, 883, 0, 'PASS', ''),
('300103320014', 'EKTA KOSARIYA', '8.6', '9.08', '83', 0, '72', 0, '72', 0, '74', 0, '89', 0, 781, 0, 'PASS', ''),
('300103320015', 'GAGAN KUMAR SAHU', '8.8', '8.98', '82', 0, '62', 0, '80', 0, '81', 0, '82', 0, 803, 0, 'PASS', ''),
('300103320016', 'HARSHITA N', '8.65', '8.8', '77', 0, '72', 0, '68', 0, '69', 0, '78', 0, 770, 0, 'PASS', ''),
('300103320017', 'HARSHWARDHAN CHANDRAKAR', '7.6', '8.32', '80', 0, '49', 0, '69', 0, '52', 0, '72', 0, 672, 0, 'PASS', ''),
('300103320018', 'HEMANT JOTWANI', '9.7', '9.66', '81', 0, '79', 0, '76', 0, '88', 0, '80', 0, 870, 0, 'PASS', ''),
('300103320019', 'ISHU KUMAR PATHAK', '8.9', '8.91', '83', 0, '65', 0, '68', 0, '78', 0, '75', 0, 811, 0, 'PASS', ''),
('300103320020', 'JATIN AGRAWAL', '8.35', '8.58', '78', 0, '64', 0, '69', 0, '66', 0, '73', 0, 744, 0, 'PASS', ''),
('300103320021', 'JAYASH TRIPATHY', '8', '8.55', '77', 0, '68', 0, '68', 0, '68', 0, '59', 0, 733, 0, 'PASS', ''),
('300103320022', 'KASHIF AHMED', '8.35', '8.78', '83', 0, '73', 0, '72', 0, '75', 0, '66', 0, 736, 0, 'PASS', ''),
('300103320023', 'KISHAN KUMAR', '9.4', '9.5', '82', 0, '83', 0, '74', 0, '77', 0, '80', 0, 852, 0, 'PASS', ''),
('300103320024', 'KOMAL GHOGARE', '8.85', '9.21', '84', 0, '67', 0, '80', 0, '77', 0, '75', 0, 805, 0, 'PASS', ''),
('300103320025', 'MAHENDRA KUMAR', '8.55', '8.92', '83', 0, '72', 0, '73', 0, '72', 0, '79', 0, 775, 0, 'PASS', ''),
('300103320026', 'MANASWI SINHA', '9.7', '9.67', '89', 0, '81', 0, '82', 0, '87', 0, '78', 0, 876, 0, 'PASS', ''),
('300103320027', 'MANSI MANKUPIYA', '8', '8.26', '79', 0, '64', 0, '65', 0, '60', 0, '58', 0, 695, 0, 'PASS', ''),
('300103320028', 'NEERAJ DEWANGAN', '7.6', '7.95', '76', 0, '68', 0, '69', 0, '57', 0, '79', 0, 680, 0, 'PASS', ''),
('300103320029', 'NILESH CHANDRAWANSHI', '-', '-', '85', 0, '54', 0, '45', 0, '60', 0, '38', 0, 605, 0, 'FAIL', ''),
('300103320030', 'PARUL SHUKLA', '9', '9.26', '81', 0, '72', 0, '77', 0, '77', 0, '76', 0, 815, 0, 'PASS', ''),
('300103320031', 'PIYUSH BHARDWAJ', '8.85', '8.98', '85', 0, '75', 0, '77', 0, '70', 0, '66', 0, 803, 0, 'PASS', ''),
('300103320032', 'PIYUSH JOSHI', '8', '8.26', '73', 0, '54', 0, '50', 0, '50', 0, '67', 0, 714, 0, 'PASS', ''),
('300103320033', 'PIYUSH SHARMA', '8.05', '8.65', '83', 0, '69', 0, '69', 0, '61', 0, '74', 0, 722, 0, 'PASS', ''),
('300103320034', 'PRINCE KUMAR DEWANGAN', '8.9', '9.13', '84', 0, '73', 0, '75', 0, '74', 0, '78', 0, 800, 0, 'PASS', ''),
('300103320035', 'R VAISHNAVI SATVIKA', '7.65', '7.73', '86', 0, '70', 0, '64', 0, '62', 0, '64', 0, 687, 0, 'PASS', ''),
('300103320037', 'RASHI CHAUHAN', '9.85', '9.72', '85', 0, '81', 0, '80', 0, '79', 0, '80', 0, 877, 0, 'PASS', ''),
('300103320038', 'RASHMI', '8.55', '9.06', '82', 0, '66', 0, '72', 0, '73', 0, '83', 0, 770, 0, 'PASS', ''),
('300103320039', 'REMAN KUMAR LAHARE', '7.6', '7.97', '69', 0, '37', 0, '60', 0, '67', 0, '66', 0, 673, 0, 'PASS', ''),
('300103320040', 'RISHIKA JAIN', '8.95', '9.28', '86', 0, '79', 0, '62', 0, '67', 0, '80', 0, 816, 0, 'PASS', ''),
('300103320041', 'ROHAN SARNA', '8.05', '8.48', '87', 0, '57', 0, '74', 0, '64', 0, '72', 0, 721, 0, 'PASS', ''),
('300103320042', 'SAKSHI SINGHAL', '9.2', '9.41', '84', 0, '79', 0, '76', 0, '80', 0, '80', 0, 851, 0, 'PASS', ''),
('300103320043', 'SAMIKSHA MEHTA', '8.45', '8.93', '85', 0, '72', 0, '72', 0, '64', 0, '68', 0, 762, 0, 'PASS', ''),
('300103320044', 'SAUMYA VERMA', '9.1', '9.42', '84', 0, '80', 0, '77', 0, '84', 0, '83', 0, 829, 0, 'PASS', ''),
('300103320045', 'SHIJO STEPHEN', '8.75', '9', '86', 0, '85', 0, '81', 0, '75', 0, '80', 0, 794, 0, 'PASS', ''),
('300103320046', 'SHIVANI SINGH', '9.85', '9.73', '88', 0, '84', 0, '82', 0, '84', 0, '78', 0, 887, 0, 'PASS', ''),
('300103320047', 'SHRISHTI GANVIR', '8.5', '8.83', '80', 0, '74', 0, '70', 0, '75', 0, '81', 0, 756, 0, 'PASS', ''),
('300103320048', 'SRISHTI SHUKLA', '8.15', '8.53', '84', 0, '61', 0, '57', 0, '65', 0, '74', 0, 731, 0, 'PASS', ''),
('300103320049', 'SUNIL PAL', '8.05', '8.27', '78', 0, '63', 0, '50', 0, '61', 0, '79', 0, 728, 0, 'PASS', ''),
('300103320050', 'TRISHA GUPTA', '8.25', '8.76', '80', 0, '64', 0, '55', 0, '58', 0, '76', 0, 733, 0, 'PASS', ''),
('300103320051', 'VAIBHAV KATENDRA', '8.5', '8.86', '87', 0, '73', 0, '64', 0, '63', 0, '78', 0, 764, 0, 'PASS', ''),
('300103320052', 'VARUL VERMA', '8.3', '8.72', '84', 0, '75', 0, '62', 0, '74', 0, '75', 0, 763, 0, 'PASS', ''),
('300103320053', 'VEDANT TAWRI', '9.4', '9.26', '82', 0, '82', 0, '80', 0, '84', 0, '83', 0, 853, 0, 'PASS', ''),
('300103320054', 'VISHWADEEP ALMORE', '7.95', '8.06', '82', 0, '47', 0, '59', 0, '56', 0, '67', 0, 698, 0, 'PASS', ''),
('300103320055', 'VRIDDHI NIRALA', '8', '8.71', '84', 0, '60', 0, '75', 0, '75', 0, '79', 0, 720, 0, 'PASS', ''),
('300103320056', 'JEET NIRMALKAR', '8.6', '8.98', '83', 0, '72', 0, '71', 0, '71', 0, '80', 0, 795, 0, 'PASS', ''),
('300103320057', 'SHIVAM KUMAR KURREY', '8.95', '9.15', '84', 0, '81', 0, '74', 0, '88', 0, '81', 0, 813, 0, 'PASS', ''),
('300103320058', 'SUKANT KRISHNA KAUSHIK', '8.6', '8.82', '78', 0, '73', 0, '74', 0, '72', 0, '78', 0, 764, 0, 'PASS', ''),
('300103320061', 'TARAN', '8.25', '8.62', '85', 0, '67', 0, '70', 0, '79', 0, '72', 0, 747, 0, 'PASS', ''),
('300103320062', 'ABHISHEK SAHU', '7.95', '8.68', '88', 0, '50', 0, '72', 0, '51', 0, '77', 0, 710, 0, 'PASS', ''),
('LE-IT01', 'BHARTI RANI MAHANAND', '7.7', '7.7', '72', 0, '41', 0, '46', 0, '61', 0, '65', 0, 686, 0, 'PASS', ''),
('LE-IT02', 'ALKA SHARMA', '8.5', '8.5', '78', 0, '64', 0, '64', 0, '60', 0, '80', 0, 763, 0, 'PASS', ''),
('LE-IT03', 'PRATEEK KUMAR', '6.75', '6.75', '58', 0, '36', 0, '44', 0, '42', 0, '55', 0, 604, 0, 'PASS', '');

-- --------------------------------------------------------

--
-- Table structure for table `2020_2024_3_sub`
--

CREATE TABLE `2020_2024_3_sub` (
  `Sub_code` varchar(9) DEFAULT NULL,
  `Subject` varchar(9) DEFAULT NULL,
  `FSN` varchar(50) DEFAULT NULL,
  `Teachers` varchar(40) DEFAULT NULL
) ENGINE=InnoDB DEFAULT CHARSET=latin1;

--
-- Dumping data for table `2020_2024_3_sub`
--

INSERT INTO `2020_2024_3_sub` (`Sub_code`, `Subject`, `FSN`, `Teachers`) VALUES
('100301AM', 'AM-III', 'Applied Mathematics-III', 'Dr. Anil Kumar Dubey'),
('106302IT', 'DE', 'Digital Electronics', 'Mrs. K Subhashini Spurjeon'),
('106303IT', 'DS', 'Data Structures', 'Mr. Sarang Pitale'),
('106304IT', 'OS', 'Operating System', 'Mrs. Babita Verma'),
('106305IT', 'OOP-C++', 'Object Oriented Concepts & Programming using C++', 'Mr. P.D Mishra');

-- --------------------------------------------------------

--
-- Table structure for table `2020_2024_4_sem`
--

CREATE TABLE `2020_2024_4_sem` (
  `URN` varchar(12) DEFAULT NULL,
  `NAME` varchar(50) DEFAULT NULL,
  `SPI` varchar(5) DEFAULT NULL,
  `CPI` varchar(5) DEFAULT NULL,
  `100301AM` varchar(3) DEFAULT NULL,
  `SUB_1_Atmp` int(2) DEFAULT NULL,
  `106302IT` varchar(3) DEFAULT NULL,
  `SUB_2_Atmp` int(2) DEFAULT NULL,
  `106303IT` varchar(3) DEFAULT NULL,
  `SUB_3_Atmp` int(2) DEFAULT NULL,
  `106304IT` varchar(3) DEFAULT NULL,
  `SUB_4_Atmp` int(2) DEFAULT NULL,
  `106305IT` varchar(3) DEFAULT NULL,
  `SUB_5_Atmp` int(2) DEFAULT NULL,
  `TOTAL` int(3) DEFAULT NULL,
  `BACK_APP_COUNT` int(2) DEFAULT NULL,
  `STATUS` varchar(4) DEFAULT NULL,
  `r_date` varchar(10) DEFAULT NULL
) ENGINE=InnoDB DEFAULT CHARSET=latin1;

--
-- Dumping data for table `2020_2024_4_sem`
--

INSERT INTO `2020_2024_4_sem` (`URN`, `NAME`, `SPI`, `CPI`, `100301AM`, `SUB_1_Atmp`, `106302IT`, `SUB_2_Atmp`, `106303IT`, `SUB_3_Atmp`, `106304IT`, `SUB_4_Atmp`, `106305IT`, `SUB_5_Atmp`, `TOTAL`, `BACK_APP_COUNT`, `STATUS`, `r_date`) VALUES
('300103320001', 'ABHISHEK MANHAR', '8.2', '8.58', '85', 0, '66', 0, '58', 0, '62', 0, '72', 0, 720, 0, 'PASS', '07-03-2022'),
('300103320002', 'ADITI AGRAWAL', '8.7', '8.97', '83', 0, '76', 0, '68', 0, '79', 0, '83', 0, 793, 0, 'PASS', ''),
('300103320003', 'ADITYA KUMAR VERMA', '9.4', '9.45', '88', 0, '77', 0, '83', 0, '84', 0, '81', 0, 836, 0, 'PASS', ''),
('300103320004', 'AKASH TIWARI', '9.7', '9.61', '83', 0, '74', 0, '79', 0, '85', 0, '85', 0, 870, 0, 'PASS', ''),
('300103320006', 'AYUSH JHA', '8.7', '8.98', '82', 0, '67', 0, '78', 0, '74', 0, '73', 0, 788, 0, 'PASS', ''),
('300103320007', 'AYUSH SINGH', '8.8', '8.86', '85', 0, '68', 0, '63', 0, '77', 0, '77', 0, 804, 0, 'PASS', ''),
('300103320008', 'CHANDAN SAHU', '7.9', '7.8', '69', 0, '43', 0, '45', 0, '54', 0, '70', 0, 716, 0, 'PASS', ''),
('300103320009', 'CHANDRASHUBHAM ANANT', '8.1', '8.5', '83', 0, '60', 0, '75', 0, '69', 0, '82', 0, 727, 0, 'PASS', ''),
('300103320010', 'DEEPANJAL SURYAVANSHI', '8.25', '8.57', '85', 0, '74', 0, '54', 0, '48', 0, '78', 0, 731, 0, 'PASS', ''),
('300103320011', 'DEVBRAT GUNA', '-', '-', '53', 0, '40', 0, '27', 0, '35', 0, '70', 0, 612, 0, 'FAIL', ''),
('300103320012', 'DEWANSH SINGH THAKUR', '7.9', '8.21', '83', 0, '61', 0, '61', 0, '57', 0, '73', 0, 716, 0, 'PASS', ''),
('300103320013', 'DIVYA SINGH', '9.85', '9.6', '86', 0, '83', 0, '76', 0, '79', 0, '82', 0, 883, 0, 'PASS', ''),
('300103320014', 'EKTA KOSARIYA', '8.6', '9.08', '83', 0, '72', 0, '72', 0, '74', 0, '89', 0, 781, 0, 'PASS', ''),
('300103320015', 'GAGAN KUMAR SAHU', '8.8', '8.98', '82', 0, '62', 0, '80', 0, '81', 0, '82', 0, 803, 0, 'PASS', ''),
('300103320016', 'HARSHITA N', '8.65', '8.8', '77', 0, '72', 0, '68', 0, '69', 0, '78', 0, 770, 0, 'PASS', ''),
('300103320017', 'HARSHWARDHAN CHANDRAKAR', '7.6', '8.32', '80', 0, '49', 0, '69', 0, '52', 0, '72', 0, 672, 0, 'PASS', ''),
('300103320018', 'HEMANT JOTWANI', '9.7', '9.66', '81', 0, '79', 0, '76', 0, '88', 0, '80', 0, 870, 0, 'PASS', ''),
('300103320019', 'ISHU KUMAR PATHAK', '8.9', '8.91', '83', 0, '65', 0, '68', 0, '78', 0, '75', 0, 811, 0, 'PASS', ''),
('300103320020', 'JATIN AGRAWAL', '8.35', '8.58', '78', 0, '64', 0, '69', 0, '66', 0, '73', 0, 744, 0, 'PASS', ''),
('300103320021', 'JAYASH TRIPATHY', '8', '8.55', '77', 0, '68', 0, '68', 0, '68', 0, '59', 0, 733, 0, 'PASS', ''),
('300103320022', 'KASHIF AHMED', '8.35', '8.78', '83', 0, '73', 0, '72', 0, '75', 0, '66', 0, 736, 0, 'PASS', ''),
('300103320023', 'KISHAN KUMAR', '9.4', '9.5', '82', 0, '83', 0, '74', 0, '77', 0, '80', 0, 852, 0, 'PASS', ''),
('300103320024', 'KOMAL GHOGARE', '8.85', '9.21', '84', 0, '67', 0, '80', 0, '77', 0, '75', 0, 805, 0, 'PASS', ''),
('300103320025', 'MAHENDRA KUMAR', '8.55', '8.92', '83', 0, '72', 0, '73', 0, '72', 0, '79', 0, 775, 0, 'PASS', ''),
('300103320026', 'MANASWI SINHA', '9.7', '9.67', '89', 0, '81', 0, '82', 0, '87', 0, '78', 0, 876, 0, 'PASS', ''),
('300103320027', 'MANSI MANKUPIYA', '8', '8.26', '79', 0, '64', 0, '65', 0, '60', 0, '58', 0, 695, 0, 'PASS', ''),
('300103320028', 'NEERAJ DEWANGAN', '7.6', '7.95', '76', 0, '68', 0, '69', 0, '57', 0, '79', 0, 680, 0, 'PASS', ''),
('300103320029', 'NILESH CHANDRAWANSHI', '-', '-', '85', 0, '54', 0, '45', 0, '60', 0, '38', 0, 605, 0, 'FAIL', ''),
('300103320030', 'PARUL SHUKLA', '9', '9.26', '81', 0, '72', 0, '77', 0, '77', 0, '76', 0, 815, 0, 'PASS', ''),
('300103320031', 'PIYUSH BHARDWAJ', '8.85', '8.98', '85', 0, '75', 0, '77', 0, '70', 0, '66', 0, 803, 0, 'PASS', ''),
('300103320032', 'PIYUSH JOSHI', '8', '8.26', '73', 0, '54', 0, '50', 0, '50', 0, '67', 0, 714, 0, 'PASS', ''),
('300103320033', 'PIYUSH SHARMA', '8.05', '8.65', '83', 0, '69', 0, '69', 0, '61', 0, '74', 0, 722, 0, 'PASS', ''),
('300103320034', 'PRINCE KUMAR DEWANGAN', '8.9', '9.13', '84', 0, '73', 0, '75', 0, '74', 0, '78', 0, 800, 0, 'PASS', ''),
('300103320035', 'R VAISHNAVI SATVIKA', '7.65', '7.73', '86', 0, '70', 0, '64', 0, '62', 0, '64', 0, 687, 0, 'PASS', ''),
('300103320037', 'RASHI CHAUHAN', '9.85', '9.72', '85', 0, '81', 0, '80', 0, '79', 0, '80', 0, 877, 0, 'PASS', ''),
('300103320038', 'RASHMI', '8.55', '9.06', '82', 0, '66', 0, '72', 0, '73', 0, '83', 0, 770, 0, 'PASS', ''),
('300103320039', 'REMAN KUMAR LAHARE', '7.6', '7.97', '69', 0, '37', 0, '60', 0, '67', 0, '66', 0, 673, 0, 'PASS', ''),
('300103320040', 'RISHIKA JAIN', '8.95', '9.28', '86', 0, '79', 0, '62', 0, '67', 0, '80', 0, 816, 0, 'PASS', ''),
('300103320041', 'ROHAN SARNA', '8.05', '8.48', '87', 0, '57', 0, '74', 0, '64', 0, '72', 0, 721, 0, 'PASS', ''),
('300103320042', 'SAKSHI SINGHAL', '9.2', '9.41', '84', 0, '79', 0, '76', 0, '80', 0, '80', 0, 851, 0, 'PASS', ''),
('300103320043', 'SAMIKSHA MEHTA', '8.45', '8.93', '85', 0, '72', 0, '72', 0, '64', 0, '68', 0, 762, 0, 'PASS', ''),
('300103320044', 'SAUMYA VERMA', '9.1', '9.42', '84', 0, '80', 0, '77', 0, '84', 0, '83', 0, 829, 0, 'PASS', ''),
('300103320045', 'SHIJO STEPHEN', '8.75', '9', '86', 0, '85', 0, '81', 0, '75', 0, '80', 0, 794, 0, 'PASS', ''),
('300103320046', 'SHIVANI SINGH', '9.85', '9.73', '88', 0, '84', 0, '82', 0, '84', 0, '78', 0, 887, 0, 'PASS', ''),
('300103320047', 'SHRISHTI GANVIR', '8.5', '8.83', '80', 0, '74', 0, '70', 0, '75', 0, '81', 0, 756, 0, 'PASS', ''),
('300103320048', 'SRISHTI SHUKLA', '8.15', '8.53', '84', 0, '61', 0, '57', 0, '65', 0, '74', 0, 731, 0, 'PASS', ''),
('300103320049', 'SUNIL PAL', '8.05', '8.27', '78', 0, '63', 0, '50', 0, '61', 0, '79', 0, 728, 0, 'PASS', ''),
('300103320050', 'TRISHA GUPTA', '8.25', '8.76', '80', 0, '64', 0, '55', 0, '58', 0, '76', 0, 733, 0, 'PASS', ''),
('300103320051', 'VAIBHAV KATENDRA', '8.5', '8.86', '87', 0, '73', 0, '64', 0, '63', 0, '78', 0, 764, 0, 'PASS', ''),
('300103320052', 'VARUL VERMA', '8.3', '8.72', '84', 0, '75', 0, '62', 0, '74', 0, '75', 0, 763, 0, 'PASS', ''),
('300103320053', 'VEDANT TAWRI', '9.4', '9.26', '82', 0, '82', 0, '80', 0, '84', 0, '83', 0, 853, 0, 'PASS', ''),
('300103320054', 'VISHWADEEP ALMORE', '7.95', '8.06', '82', 0, '47', 0, '59', 0, '56', 0, '67', 0, 698, 0, 'PASS', ''),
('300103320055', 'VRIDDHI NIRALA', '8', '8.71', '84', 0, '60', 0, '75', 0, '75', 0, '79', 0, 720, 0, 'PASS', ''),
('300103320056', 'JEET NIRMALKAR', '8.6', '8.98', '83', 0, '72', 0, '71', 0, '71', 0, '80', 0, 795, 0, 'PASS', ''),
('300103320057', 'SHIVAM KUMAR KURREY', '8.95', '9.15', '84', 0, '81', 0, '74', 0, '88', 0, '81', 0, 813, 0, 'PASS', ''),
('300103320058', 'SUKANT KRISHNA KAUSHIK', '8.6', '8.82', '78', 0, '73', 0, '74', 0, '72', 0, '78', 0, 764, 0, 'PASS', ''),
('300103320061', 'TARAN', '8.25', '8.62', '85', 0, '67', 0, '70', 0, '79', 0, '72', 0, 747, 0, 'PASS', ''),
('300103320062', 'ABHISHEK SAHU', '7.95', '8.68', '88', 0, '50', 0, '72', 0, '51', 0, '77', 0, 710, 0, 'PASS', ''),
('LE-IT01', 'BHARTI RANI MAHANAND', '7.7', '7.7', '72', 0, '41', 0, '46', 0, '61', 0, '65', 0, 686, 0, 'PASS', ''),
('LE-IT02', 'ALKA SHARMA', '8.5', '8.5', '78', 0, '64', 0, '64', 0, '60', 0, '80', 0, 763, 0, 'PASS', ''),
('LE-IT03', 'PRATEEK KUMAR', '6.75', '6.75', '58', 0, '36', 0, '44', 0, '42', 0, '55', 0, 604, 0, 'PASS', '');

-- --------------------------------------------------------

--
-- Table structure for table `2020_2024_4_sub`
--

CREATE TABLE `2020_2024_4_sub` (
  `Sub_code` varchar(9) DEFAULT NULL,
  `Subject` varchar(9) DEFAULT NULL,
  `FSN` varchar(50) DEFAULT NULL,
  `Teachers` varchar(40) DEFAULT NULL
) ENGINE=InnoDB DEFAULT CHARSET=latin1;

--
-- Dumping data for table `2020_2024_4_sub`
--

INSERT INTO `2020_2024_4_sub` (`Sub_code`, `Subject`, `FSN`, `Teachers`) VALUES
('100301AM', 'AM-III', 'Applied Mathematics III', 'Dr. Anil Kumar Dubey'),
('106302IT', 'DE', 'Digital Electronics', 'Mrs. K Subhashini Spurjeon'),
('106303IT', 'DS', 'Data Structures', 'Mr. Sarang Pitale'),
('106304IT', 'OS', 'Operating System', 'Mrs. Babita Verma'),
('106305IT', 'OOP-C++', 'Object Oriented Concepts & Programming using C++', 'Mr. P.D Mishra');

-- --------------------------------------------------------

--
-- Table structure for table `2021_2025_1_sem`
--

CREATE TABLE `2021_2025_1_sem` (
  `URN` varchar(12) DEFAULT NULL,
  `NAME` varchar(50) DEFAULT NULL,
  `SPI` varchar(5) DEFAULT NULL,
  `CPI` varchar(5) DEFAULT NULL,
  `100301AM` varchar(3) DEFAULT NULL,
  `SUB_1_Atmp` int(2) DEFAULT NULL,
  `106302IT` varchar(3) DEFAULT NULL,
  `SUB_2_Atmp` int(2) DEFAULT NULL,
  `106303IT` varchar(3) DEFAULT NULL,
  `SUB_3_Atmp` int(2) DEFAULT NULL,
  `106304IT` varchar(3) DEFAULT NULL,
  `SUB_4_Atmp` int(2) DEFAULT NULL,
  `106305IT` varchar(3) DEFAULT NULL,
  `SUB_5_Atmp` int(2) DEFAULT NULL,
  `TOTAL` int(3) DEFAULT NULL,
  `BACK_APP_COUNT` int(2) DEFAULT NULL,
  `STATUS` varchar(4) DEFAULT NULL,
  `r_date` varchar(10) DEFAULT NULL
) ENGINE=InnoDB DEFAULT CHARSET=latin1;

--
-- Dumping data for table `2021_2025_1_sem`
--

INSERT INTO `2021_2025_1_sem` (`URN`, `NAME`, `SPI`, `CPI`, `100301AM`, `SUB_1_Atmp`, `106302IT`, `SUB_2_Atmp`, `106303IT`, `SUB_3_Atmp`, `106304IT`, `SUB_4_Atmp`, `106305IT`, `SUB_5_Atmp`, `TOTAL`, `BACK_APP_COUNT`, `STATUS`, `r_date`) VALUES
('300103320001', 'ABHISHEK MANHAR', '8.2', '8.58', '85', 0, '66', 0, '58', 0, '62', 0, '72', 0, 720, 0, 'PASS', '07-03-2022'),
('300103320002', 'ADITI AGRAWAL', '8.7', '8.97', '83', 0, '76', 0, '68', 0, '79', 0, '83', 0, 793, 0, 'PASS', ''),
('300103320003', 'ADITYA KUMAR VERMA', '9.4', '9.45', '88', 0, '77', 0, '83', 0, '84', 0, '81', 0, 836, 0, 'PASS', ''),
('300103320004', 'AKASH TIWARI', '9.7', '9.61', '83', 0, '74', 0, '79', 0, '85', 0, '85', 0, 870, 0, 'PASS', ''),
('300103320006', 'AYUSH JHA', '8.7', '8.98', '82', 0, '67', 0, '78', 0, '74', 0, '73', 0, 788, 0, 'PASS', ''),
('300103320007', 'AYUSH SINGH', '8.8', '8.86', '85', 0, '68', 0, '63', 0, '77', 0, '77', 0, 804, 0, 'PASS', ''),
('300103320008', 'CHANDAN SAHU', '7.9', '7.8', '69', 0, '43', 0, '45', 0, '54', 0, '70', 0, 716, 0, 'PASS', ''),
('300103320009', 'CHANDRASHUBHAM ANANT', '8.1', '8.5', '83', 0, '60', 0, '75', 0, '69', 0, '82', 0, 727, 0, 'PASS', ''),
('300103320010', 'DEEPANJAL SURYAVANSHI', '8.25', '8.57', '85', 0, '74', 0, '54', 0, '48', 0, '78', 0, 731, 0, 'PASS', ''),
('300103320011', 'DEVBRAT GUNA', '-', '-', '53', 0, '40', 0, '27', 0, '35', 0, '70', 0, 612, 0, 'FAIL', ''),
('300103320012', 'DEWANSH SINGH THAKUR', '7.9', '8.21', '83', 0, '61', 0, '61', 0, '57', 0, '73', 0, 716, 0, 'PASS', ''),
('300103320013', 'DIVYA SINGH', '9.85', '9.6', '86', 0, '83', 0, '76', 0, '79', 0, '82', 0, 883, 0, 'PASS', ''),
('300103320014', 'EKTA KOSARIYA', '8.6', '9.08', '83', 0, '72', 0, '72', 0, '74', 0, '89', 0, 781, 0, 'PASS', ''),
('300103320015', 'GAGAN KUMAR SAHU', '8.8', '8.98', '82', 0, '62', 0, '80', 0, '81', 0, '82', 0, 803, 0, 'PASS', ''),
('300103320016', 'HARSHITA N', '8.65', '8.8', '77', 0, '72', 0, '68', 0, '69', 0, '78', 0, 770, 0, 'PASS', ''),
('300103320017', 'HARSHWARDHAN CHANDRAKAR', '7.6', '8.32', '80', 0, '49', 0, '69', 0, '52', 0, '72', 0, 672, 0, 'PASS', ''),
('300103320018', 'HEMANT JOTWANI', '9.7', '9.66', '81', 0, '79', 0, '76', 0, '88', 0, '80', 0, 870, 0, 'PASS', ''),
('300103320019', 'ISHU KUMAR PATHAK', '8.9', '8.91', '83', 0, '65', 0, '68', 0, '78', 0, '75', 0, 811, 0, 'PASS', ''),
('300103320020', 'JATIN AGRAWAL', '8.35', '8.58', '78', 0, '64', 0, '69', 0, '66', 0, '73', 0, 744, 0, 'PASS', ''),
('300103320021', 'JAYASH TRIPATHY', '8', '8.55', '77', 0, '68', 0, '68', 0, '68', 0, '59', 0, 733, 0, 'PASS', ''),
('300103320022', 'KASHIF AHMED', '8.35', '8.78', '83', 0, '73', 0, '72', 0, '75', 0, '66', 0, 736, 0, 'PASS', ''),
('300103320023', 'KISHAN KUMAR', '9.4', '9.5', '82', 0, '83', 0, '74', 0, '77', 0, '80', 0, 852, 0, 'PASS', ''),
('300103320024', 'KOMAL GHOGARE', '8.85', '9.21', '84', 0, '67', 0, '80', 0, '77', 0, '75', 0, 805, 0, 'PASS', ''),
('300103320025', 'MAHENDRA KUMAR', '8.55', '8.92', '83', 0, '72', 0, '73', 0, '72', 0, '79', 0, 775, 0, 'PASS', ''),
('300103320026', 'MANASWI SINHA', '9.7', '9.67', '89', 0, '81', 0, '82', 0, '87', 0, '78', 0, 876, 0, 'PASS', ''),
('300103320027', 'MANSI MANKUPIYA', '8', '8.26', '79', 0, '64', 0, '65', 0, '60', 0, '58', 0, 695, 0, 'PASS', ''),
('300103320028', 'NEERAJ DEWANGAN', '7.6', '7.95', '76', 0, '68', 0, '69', 0, '57', 0, '79', 0, 680, 0, 'PASS', ''),
('300103320029', 'NILESH CHANDRAWANSHI', '-', '-', '85', 0, '54', 0, '45', 0, '60', 0, '38', 0, 605, 0, 'FAIL', ''),
('300103320030', 'PARUL SHUKLA', '9', '9.26', '81', 0, '72', 0, '77', 0, '77', 0, '76', 0, 815, 0, 'PASS', ''),
('300103320031', 'PIYUSH BHARDWAJ', '8.85', '8.98', '85', 0, '75', 0, '77', 0, '70', 0, '66', 0, 803, 0, 'PASS', ''),
('300103320032', 'PIYUSH JOSHI', '8', '8.26', '73', 0, '54', 0, '50', 0, '50', 0, '67', 0, 714, 0, 'PASS', ''),
('300103320033', 'PIYUSH SHARMA', '8.05', '8.65', '83', 0, '69', 0, '69', 0, '61', 0, '74', 0, 722, 0, 'PASS', ''),
('300103320034', 'PRINCE KUMAR DEWANGAN', '8.9', '9.13', '84', 0, '73', 0, '75', 0, '74', 0, '78', 0, 800, 0, 'PASS', ''),
('300103320035', 'R VAISHNAVI SATVIKA', '7.65', '7.73', '86', 0, '70', 0, '64', 0, '62', 0, '64', 0, 687, 0, 'PASS', ''),
('300103320037', 'RASHI CHAUHAN', '9.85', '9.72', '85', 0, '81', 0, '80', 0, '79', 0, '80', 0, 877, 0, 'PASS', ''),
('300103320038', 'RASHMI', '8.55', '9.06', '82', 0, '66', 0, '72', 0, '73', 0, '83', 0, 770, 0, 'PASS', ''),
('300103320039', 'REMAN KUMAR LAHARE', '7.6', '7.97', '69', 0, '37', 0, '60', 0, '67', 0, '66', 0, 673, 0, 'PASS', ''),
('300103320040', 'RISHIKA JAIN', '8.95', '9.28', '86', 0, '79', 0, '62', 0, '67', 0, '80', 0, 816, 0, 'PASS', ''),
('300103320041', 'ROHAN SARNA', '8.05', '8.48', '87', 0, '57', 0, '74', 0, '64', 0, '72', 0, 721, 0, 'PASS', ''),
('300103320042', 'SAKSHI SINGHAL', '9.2', '9.41', '84', 0, '79', 0, '76', 0, '80', 0, '80', 0, 851, 0, 'PASS', ''),
('300103320043', 'SAMIKSHA MEHTA', '8.45', '8.93', '85', 0, '72', 0, '72', 0, '64', 0, '68', 0, 762, 0, 'PASS', ''),
('300103320044', 'SAUMYA VERMA', '9.1', '9.42', '84', 0, '80', 0, '77', 0, '84', 0, '83', 0, 829, 0, 'PASS', ''),
('300103320045', 'SHIJO STEPHEN', '8.75', '9', '86', 0, '85', 0, '81', 0, '75', 0, '80', 0, 794, 0, 'PASS', ''),
('300103320046', 'SHIVANI SINGH', '9.85', '9.73', '88', 0, '84', 0, '82', 0, '84', 0, '78', 0, 887, 0, 'PASS', ''),
('300103320047', 'SHRISHTI GANVIR', '8.5', '8.83', '80', 0, '74', 0, '70', 0, '75', 0, '81', 0, 756, 0, 'PASS', ''),
('300103320048', 'SRISHTI SHUKLA', '8.15', '8.53', '84', 0, '61', 0, '57', 0, '65', 0, '74', 0, 731, 0, 'PASS', ''),
('300103320049', 'SUNIL PAL', '8.05', '8.27', '78', 0, '63', 0, '50', 0, '61', 0, '79', 0, 728, 0, 'PASS', ''),
('300103320050', 'TRISHA GUPTA', '8.25', '8.76', '80', 0, '64', 0, '55', 0, '58', 0, '76', 0, 733, 0, 'PASS', ''),
('300103320051', 'VAIBHAV KATENDRA', '8.5', '8.86', '87', 0, '73', 0, '64', 0, '63', 0, '78', 0, 764, 0, 'PASS', ''),
('300103320052', 'VARUL VERMA', '8.3', '8.72', '84', 0, '75', 0, '62', 0, '74', 0, '75', 0, 763, 0, 'PASS', ''),
('300103320053', 'VEDANT TAWRI', '9.4', '9.26', '82', 0, '82', 0, '80', 0, '84', 0, '83', 0, 853, 0, 'PASS', ''),
('300103320054', 'VISHWADEEP ALMORE', '7.95', '8.06', '82', 0, '47', 0, '59', 0, '56', 0, '67', 0, 698, 0, 'PASS', ''),
('300103320055', 'VRIDDHI NIRALA', '8', '8.71', '84', 0, '60', 0, '75', 0, '75', 0, '79', 0, 720, 0, 'PASS', ''),
('300103320056', 'JEET NIRMALKAR', '8.6', '8.98', '83', 0, '72', 0, '71', 0, '71', 0, '80', 0, 795, 0, 'PASS', ''),
('300103320057', 'SHIVAM KUMAR KURREY', '8.95', '9.15', '84', 0, '81', 0, '74', 0, '88', 0, '81', 0, 813, 0, 'PASS', ''),
('300103320058', 'SUKANT KRISHNA KAUSHIK', '8.6', '8.82', '78', 0, '73', 0, '74', 0, '72', 0, '78', 0, 764, 0, 'PASS', ''),
('300103320061', 'TARAN', '8.25', '8.62', '85', 0, '67', 0, '70', 0, '79', 0, '72', 0, 747, 0, 'PASS', ''),
('300103320062', 'ABHISHEK SAHU', '7.95', '8.68', '88', 0, '50', 0, '72', 0, '51', 0, '77', 0, 710, 0, 'PASS', ''),
('LE-IT01', 'BHARTI RANI MAHANAND', '7.7', '7.7', '72', 0, '41', 0, '46', 0, '61', 0, '65', 0, 686, 0, 'PASS', ''),
('LE-IT02', 'ALKA SHARMA', '8.5', '8.5', '78', 0, '64', 0, '64', 0, '60', 0, '80', 0, 763, 0, 'PASS', ''),
('LE-IT03', 'PRATEEK KUMAR', '6.75', '6.75', '58', 0, '36', 0, '44', 0, '42', 0, '55', 0, 604, 0, 'PASS', '');

-- --------------------------------------------------------

--
-- Table structure for table `2021_2025_1_sub`
--

CREATE TABLE `2021_2025_1_sub` (
  `Sub_code` varchar(9) DEFAULT NULL,
  `Subject` varchar(9) DEFAULT NULL,
  `FSN` varchar(50) DEFAULT NULL,
  `Teachers` varchar(40) DEFAULT NULL
) ENGINE=InnoDB DEFAULT CHARSET=latin1;

--
-- Dumping data for table `2021_2025_1_sub`
--

INSERT INTO `2021_2025_1_sub` (`Sub_code`, `Subject`, `FSN`, `Teachers`) VALUES
('100301AM', 'M-III', 'MATHEMATICS-III', 'Dr. Anil Kumar Dubey'),
('106302IT', 'DE', 'Digital Electronics', 'Mrs. K Subhashini Spurjeon'),
('106303IT', 'DS', 'Data Structures', 'Mr. Sarang Pitale'),
('106304IT', 'OS', 'Operating System', 'Mrs. Babita Verma'),
('106305IT', 'OOP-C++', 'Object Oriented Concepts & Programming using C++', 'Mr. P.D Mishra');

-- --------------------------------------------------------

--
-- Table structure for table `2021_2025_2_sem`
--

CREATE TABLE `2021_2025_2_sem` (
  `URN` varchar(12) DEFAULT NULL,
  `NAME` varchar(50) DEFAULT NULL,
  `SPI` varchar(5) DEFAULT NULL,
  `CPI` varchar(5) DEFAULT NULL,
  `100301AM` varchar(3) DEFAULT NULL,
  `SUB_1_Atmp` int(2) DEFAULT NULL,
  `106302IT` varchar(3) DEFAULT NULL,
  `SUB_2_Atmp` int(2) DEFAULT NULL,
  `106303IT` varchar(3) DEFAULT NULL,
  `SUB_3_Atmp` int(2) DEFAULT NULL,
  `106304IT` varchar(3) DEFAULT NULL,
  `SUB_4_Atmp` int(2) DEFAULT NULL,
  `106305IT` varchar(3) DEFAULT NULL,
  `SUB_5_Atmp` int(2) DEFAULT NULL,
  `TOTAL` int(3) DEFAULT NULL,
  `BACK_APP_COUNT` int(2) DEFAULT NULL,
  `STATUS` varchar(4) DEFAULT NULL,
  `r_date` varchar(10) DEFAULT NULL
) ENGINE=InnoDB DEFAULT CHARSET=latin1;

--
-- Dumping data for table `2021_2025_2_sem`
--

INSERT INTO `2021_2025_2_sem` (`URN`, `NAME`, `SPI`, `CPI`, `100301AM`, `SUB_1_Atmp`, `106302IT`, `SUB_2_Atmp`, `106303IT`, `SUB_3_Atmp`, `106304IT`, `SUB_4_Atmp`, `106305IT`, `SUB_5_Atmp`, `TOTAL`, `BACK_APP_COUNT`, `STATUS`, `r_date`) VALUES
('300103320001', 'ABHISHEK MANHAR', '8.2', '8.58', '85', 0, '66', 0, '58', 0, '62', 0, '72', 0, 720, 0, 'PASS', '07-03-2022'),
('300103320002', 'ADITI AGRAWAL', '8.7', '8.97', '83', 0, '76', 0, '68', 0, '79', 0, '83', 0, 793, 0, 'PASS', ''),
('300103320003', 'ADITYA KUMAR VERMA', '9.4', '9.45', '88', 0, '77', 0, '83', 0, '84', 0, '81', 0, 836, 0, 'PASS', ''),
('300103320004', 'AKASH TIWARI', '9.7', '9.61', '83', 0, '74', 0, '79', 0, '85', 0, '85', 0, 870, 0, 'PASS', ''),
('300103320006', 'AYUSH JHA', '8.7', '8.98', '82', 0, '67', 0, '78', 0, '74', 0, '73', 0, 788, 0, 'PASS', ''),
('300103320007', 'AYUSH SINGH', '8.8', '8.86', '85', 0, '68', 0, '63', 0, '77', 0, '77', 0, 804, 0, 'PASS', ''),
('300103320008', 'CHANDAN SAHU', '7.9', '7.8', '69', 0, '43', 0, '45', 0, '54', 0, '70', 0, 716, 0, 'PASS', ''),
('300103320009', 'CHANDRASHUBHAM ANANT', '8.1', '8.5', '83', 0, '60', 0, '75', 0, '69', 0, '82', 0, 727, 0, 'PASS', ''),
('300103320010', 'DEEPANJAL SURYAVANSHI', '8.25', '8.57', '85', 0, '74', 0, '54', 0, '48', 0, '78', 0, 731, 0, 'PASS', ''),
('300103320011', 'DEVBRAT GUNA', '-', '-', '53', 0, '40', 0, '27', 0, '35', 0, '70', 0, 612, 0, 'FAIL', ''),
('300103320012', 'DEWANSH SINGH THAKUR', '7.9', '8.21', '83', 0, '61', 0, '61', 0, '57', 0, '73', 0, 716, 0, 'PASS', ''),
('300103320013', 'DIVYA SINGH', '9.85', '9.6', '86', 0, '83', 0, '76', 0, '79', 0, '82', 0, 883, 0, 'PASS', ''),
('300103320014', 'EKTA KOSARIYA', '8.6', '9.08', '83', 0, '72', 0, '72', 0, '74', 0, '89', 0, 781, 0, 'PASS', ''),
('300103320015', 'GAGAN KUMAR SAHU', '8.8', '8.98', '82', 0, '62', 0, '80', 0, '81', 0, '82', 0, 803, 0, 'PASS', ''),
('300103320016', 'HARSHITA N', '8.65', '8.8', '77', 0, '72', 0, '68', 0, '69', 0, '78', 0, 770, 0, 'PASS', ''),
('300103320017', 'HARSHWARDHAN CHANDRAKAR', '7.6', '8.32', '80', 0, '49', 0, '69', 0, '52', 0, '72', 0, 672, 0, 'PASS', ''),
('300103320018', 'HEMANT JOTWANI', '9.7', '9.66', '81', 0, '79', 0, '76', 0, '88', 0, '80', 0, 870, 0, 'PASS', ''),
('300103320019', 'ISHU KUMAR PATHAK', '8.9', '8.91', '83', 0, '65', 0, '68', 0, '78', 0, '75', 0, 811, 0, 'PASS', ''),
('300103320020', 'JATIN AGRAWAL', '8.35', '8.58', '78', 0, '64', 0, '69', 0, '66', 0, '73', 0, 744, 0, 'PASS', ''),
('300103320021', 'JAYASH TRIPATHY', '8', '8.55', '77', 0, '68', 0, '68', 0, '68', 0, '59', 0, 733, 0, 'PASS', ''),
('300103320022', 'KASHIF AHMED', '8.35', '8.78', '83', 0, '73', 0, '72', 0, '75', 0, '66', 0, 736, 0, 'PASS', ''),
('300103320023', 'KISHAN KUMAR', '9.4', '9.5', '82', 0, '83', 0, '74', 0, '77', 0, '80', 0, 852, 0, 'PASS', ''),
('300103320024', 'KOMAL GHOGARE', '8.85', '9.21', '84', 0, '67', 0, '80', 0, '77', 0, '75', 0, 805, 0, 'PASS', ''),
('300103320025', 'MAHENDRA KUMAR', '8.55', '8.92', '83', 0, '72', 0, '73', 0, '72', 0, '79', 0, 775, 0, 'PASS', ''),
('300103320026', 'MANASWI SINHA', '9.7', '9.67', '89', 0, '81', 0, '82', 0, '87', 0, '78', 0, 876, 0, 'PASS', ''),
('300103320027', 'MANSI MANKUPIYA', '8', '8.26', '79', 0, '64', 0, '65', 0, '60', 0, '58', 0, 695, 0, 'PASS', ''),
('300103320028', 'NEERAJ DEWANGAN', '7.6', '7.95', '76', 0, '68', 0, '69', 0, '57', 0, '79', 0, 680, 0, 'PASS', ''),
('300103320029', 'NILESH CHANDRAWANSHI', '-', '-', '85', 0, '54', 0, '45', 0, '60', 0, '38', 0, 605, 0, 'FAIL', ''),
('300103320030', 'PARUL SHUKLA', '9', '9.26', '81', 0, '72', 0, '77', 0, '77', 0, '76', 0, 815, 0, 'PASS', ''),
('300103320031', 'PIYUSH BHARDWAJ', '8.85', '8.98', '85', 0, '75', 0, '77', 0, '70', 0, '66', 0, 803, 0, 'PASS', ''),
('300103320032', 'PIYUSH JOSHI', '8', '8.26', '73', 0, '54', 0, '50', 0, '50', 0, '67', 0, 714, 0, 'PASS', ''),
('300103320033', 'PIYUSH SHARMA', '8.05', '8.65', '83', 0, '69', 0, '69', 0, '61', 0, '74', 0, 722, 0, 'PASS', ''),
('300103320034', 'PRINCE KUMAR DEWANGAN', '8.9', '9.13', '84', 0, '73', 0, '75', 0, '74', 0, '78', 0, 800, 0, 'PASS', ''),
('300103320035', 'R VAISHNAVI SATVIKA', '7.65', '7.73', '86', 0, '70', 0, '64', 0, '62', 0, '64', 0, 687, 0, 'PASS', ''),
('300103320037', 'RASHI CHAUHAN', '9.85', '9.72', '85', 0, '81', 0, '80', 0, '79', 0, '80', 0, 877, 0, 'PASS', ''),
('300103320038', 'RASHMI', '8.55', '9.06', '82', 0, '66', 0, '72', 0, '73', 0, '83', 0, 770, 0, 'PASS', ''),
('300103320039', 'REMAN KUMAR LAHARE', '7.6', '7.97', '69', 0, '37', 0, '60', 0, '67', 0, '66', 0, 673, 0, 'PASS', ''),
('300103320040', 'RISHIKA JAIN', '8.95', '9.28', '86', 0, '79', 0, '62', 0, '67', 0, '80', 0, 816, 0, 'PASS', ''),
('300103320041', 'ROHAN SARNA', '8.05', '8.48', '87', 0, '57', 0, '74', 0, '64', 0, '72', 0, 721, 0, 'PASS', ''),
('300103320042', 'SAKSHI SINGHAL', '9.2', '9.41', '84', 0, '79', 0, '76', 0, '80', 0, '80', 0, 851, 0, 'PASS', ''),
('300103320043', 'SAMIKSHA MEHTA', '8.45', '8.93', '85', 0, '72', 0, '72', 0, '64', 0, '68', 0, 762, 0, 'PASS', ''),
('300103320044', 'SAUMYA VERMA', '9.1', '9.42', '84', 0, '80', 0, '77', 0, '84', 0, '83', 0, 829, 0, 'PASS', ''),
('300103320045', 'SHIJO STEPHEN', '8.75', '9', '86', 0, '85', 0, '81', 0, '75', 0, '80', 0, 794, 0, 'PASS', ''),
('300103320046', 'SHIVANI SINGH', '9.85', '9.73', '88', 0, '84', 0, '82', 0, '84', 0, '78', 0, 887, 0, 'PASS', ''),
('300103320047', 'SHRISHTI GANVIR', '8.5', '8.83', '80', 0, '74', 0, '70', 0, '75', 0, '81', 0, 756, 0, 'PASS', ''),
('300103320048', 'SRISHTI SHUKLA', '8.15', '8.53', '84', 0, '61', 0, '57', 0, '65', 0, '74', 0, 731, 0, 'PASS', ''),
('300103320049', 'SUNIL PAL', '8.05', '8.27', '78', 0, '63', 0, '50', 0, '61', 0, '79', 0, 728, 0, 'PASS', ''),
('300103320050', 'TRISHA GUPTA', '8.25', '8.76', '80', 0, '64', 0, '55', 0, '58', 0, '76', 0, 733, 0, 'PASS', ''),
('300103320051', 'VAIBHAV KATENDRA', '8.5', '8.86', '87', 0, '73', 0, '64', 0, '63', 0, '78', 0, 764, 0, 'PASS', ''),
('300103320052', 'VARUL VERMA', '8.3', '8.72', '84', 0, '75', 0, '62', 0, '74', 0, '75', 0, 763, 0, 'PASS', ''),
('300103320053', 'VEDANT TAWRI', '9.4', '9.26', '82', 0, '82', 0, '80', 0, '84', 0, '83', 0, 853, 0, 'PASS', ''),
('300103320054', 'VISHWADEEP ALMORE', '7.95', '8.06', '82', 0, '47', 0, '59', 0, '56', 0, '67', 0, 698, 0, 'PASS', ''),
('300103320055', 'VRIDDHI NIRALA', '8', '8.71', '84', 0, '60', 0, '75', 0, '75', 0, '79', 0, 720, 0, 'PASS', ''),
('300103320056', 'JEET NIRMALKAR', '8.6', '8.98', '83', 0, '72', 0, '71', 0, '71', 0, '80', 0, 795, 0, 'PASS', ''),
('300103320057', 'SHIVAM KUMAR KURREY', '8.95', '9.15', '84', 0, '81', 0, '74', 0, '88', 0, '81', 0, 813, 0, 'PASS', ''),
('300103320058', 'SUKANT KRISHNA KAUSHIK', '8.6', '8.82', '78', 0, '73', 0, '74', 0, '72', 0, '78', 0, 764, 0, 'PASS', ''),
('300103320061', 'TARAN', '8.25', '8.62', '85', 0, '67', 0, '70', 0, '79', 0, '72', 0, 747, 0, 'PASS', ''),
('300103320062', 'ABHISHEK SAHU', '7.95', '8.68', '88', 0, '50', 0, '72', 0, '51', 0, '77', 0, 710, 0, 'PASS', ''),
('LE-IT01', 'BHARTI RANI MAHANAND', '7.7', '7.7', '72', 0, '41', 0, '46', 0, '61', 0, '65', 0, 686, 0, 'PASS', ''),
('LE-IT02', 'ALKA SHARMA', '8.5', '8.5', '78', 0, '64', 0, '64', 0, '60', 0, '80', 0, 763, 0, 'PASS', ''),
('LE-IT03', 'PRATEEK KUMAR', '6.75', '6.75', '58', 0, '36', 0, '44', 0, '42', 0, '55', 0, 604, 0, 'PASS', '');

-- --------------------------------------------------------

--
-- Table structure for table `2021_2025_2_sub`
--

CREATE TABLE `2021_2025_2_sub` (
  `Sub_code` varchar(9) DEFAULT NULL,
  `Subject` varchar(9) DEFAULT NULL,
  `FSN` varchar(50) DEFAULT NULL,
  `Teachers` varchar(40) DEFAULT NULL
) ENGINE=InnoDB DEFAULT CHARSET=latin1;

--
-- Dumping data for table `2021_2025_2_sub`
--

INSERT INTO `2021_2025_2_sub` (`Sub_code`, `Subject`, `FSN`, `Teachers`) VALUES
('100301AM', 'AM-III', 'Applied Mathematics III', 'Dr. Anil Kumar Dubey'),
('106302IT', 'DE', 'Digital Electronics', 'Mrs. K Subhashini Spurjeon'),
('106303IT', 'DS', 'Data Structures', 'Mr. Sarang Pitale'),
('106304IT', 'OS', 'Operating System', 'Mrs. Babita Verma'),
('106305IT', 'OOP-C++', 'Object Oriented Concepts & Programming using C++', 'Mr. P.D Mishra');

-- --------------------------------------------------------

--
-- Table structure for table `login_data`
--

CREATE TABLE `login_data` (
  `Srn` int(3) NOT NULL,
  `username` varchar(50) NOT NULL,
  `email` varchar(100) NOT NULL,
  `password` varchar(10) NOT NULL,
  `root` varchar(15) DEFAULT NULL
) ENGINE=InnoDB DEFAULT CHARSET=latin1;

--
-- Dumping data for table `login_data`
--

INSERT INTO `login_data` (`Srn`, `username`, `email`, `password`, `root`) VALUES
(1, 'Admin', 'admin@xyz.com', 'admin_123', 'admin'),
(2, 'Mrs. Babita Verma', 'babita.verma@bitdurg.ac.in', '123', 'teacher');

-- --------------------------------------------------------

--
-- Table structure for table `teacher_list`
--

CREATE TABLE `teacher_list` (
  `Srn` int(2) NOT NULL,
  `username` varchar(40) NOT NULL
) ENGINE=InnoDB DEFAULT CHARSET=latin1;

--
-- Dumping data for table `teacher_list`
--

INSERT INTO `teacher_list` (`Srn`, `username`) VALUES
(1, 'Mrs. Babita Verma'),
(2, 'Mr. Sarang Pitale'),
(3, 'Mr. Raj Kumar'),
(4, 'Dr. Anil Kumar Dubey'),
(5, 'Mrs. K Subhashini Spurjeon'),
(6, 'Mr. P.D Mishra'),
(7, 'Mr. Amrendra Kr. Singh'),
(8, 'Mr. Rajiv Pathak'),
(9, 'Mr. John Doe');

--
-- Indexes for dumped tables
--

--
-- Indexes for table `login_data`
--
ALTER TABLE `login_data`
  ADD PRIMARY KEY (`Srn`);

--
-- Indexes for table `teacher_list`
--
ALTER TABLE `teacher_list`
  ADD PRIMARY KEY (`Srn`);

--
-- AUTO_INCREMENT for dumped tables
--

--
-- AUTO_INCREMENT for table `login_data`
--
ALTER TABLE `login_data`
  MODIFY `Srn` int(3) NOT NULL AUTO_INCREMENT, AUTO_INCREMENT=20;

--
-- AUTO_INCREMENT for table `teacher_list`
--
ALTER TABLE `teacher_list`
  MODIFY `Srn` int(2) NOT NULL AUTO_INCREMENT, AUTO_INCREMENT=10;
COMMIT;

/*!40101 SET CHARACTER_SET_CLIENT=@OLD_CHARACTER_SET_CLIENT */;
/*!40101 SET CHARACTER_SET_RESULTS=@OLD_CHARACTER_SET_RESULTS */;
/*!40101 SET COLLATION_CONNECTION=@OLD_COLLATION_CONNECTION */;
